X,Y,Name,country,provincia,concello,LUGAR_E_PARROQUIA
-8.217989,42.686844,Iglesia de Santiago de Taboada,España,Pontevedra,Silleda,Eirexe
-7.4821991,42.4158768,Iglesia de Doade,España,Lugo,Sober,Lobios
-8.0839634,41.9043292,Iglesia de San Miguel,España,Ourense,Fondevila,Zapateiros
-8.0538108,42.4726805,Monasterio de Lobás (Ruinas),España,Ourense,O Carballiño,Boedes
-8.700862,42.648741,Ermita de San Cibrán,España,Pontevedra,Catoira,Portocelo
-8.7866217,42.5854048,Iglesia de San Martiño de Sobrán,España,Pontevedra,Vilaxoán,O Castelete
-8.42274,42.112861,Iglesia de San Xoán de Rubiós,España,Pontevedra,As Neves,A Rata
-8.428434,42.12409,Ermita de San Bartolomé,España,Pontevedra,As Neves,A Rata
-8.395653,42.107779,Iglesia de Santiago de Ribarteme,España,Pontevedra,As Neves,A Costa
-8.438257,42.08171,Ermita de Santa Mariña - Área Recreativa y playa fluvial,España,Pontevedra,As Neves,O Pedroso
-8.395787,42.115153,Iglesia San Xosé de Ribarteme,España,Pontevedra,As Neves,Sancharredonda
-9.203899,43.131405,Virxe do Monte,España,A Coruña,Camariñas,Lago
-8.403906,42.157538,Iglesia Santa Eulalia de Batalláns,España,Pontevedra,As Neves,O Coto
-8.430887,42.125005,Iglesia Santa María de Taboexa,España,Pontevedra,As Neves,A Rata
-8.68672,42.203902,Iglesia de Santiago Maior de Bembrive,España,Pontevedra,Vigo,Os Ríos
-8.315454,42.115244,Iglesia de Santa María de Arbo,España,Pontevedra,O Pazo,A Granxa
-7.984193,43.708982,San Andrés de Teixido (149 m),España,A Coruña,Cedeira,Santo André de Teixido
-8.823348,42.145633,Templo Votivo del Mar,España,Pontevedra,Nigrán,A Madorra
-9.219764,43.112234,Virxe da Barca,España,A Coruña,Muxía,A Gurita
-9.090588,42.823224,Iglesia de Sta Comba,España,A Coruña,Carnota,Pedramarrada
-7.993063,43.54862,Iglesia de San Xurxo,España,A Coruña,Moeche,Rañal
-8.760215,42.515778,Sta Baia de Ribadumia,España,Pontevedra,A Escusa,A Figueira
-8.544702,42.880559,Catedral de Santiago,España,A Coruña,Santiago de Compostela,O Ensanche
-8.701851,42.255482,Ermita de la Guía,España,Pontevedra,Vigo,Fontáns
-7.994218,43.682828,Capela de San Roque,España,A Coruña,Cedeira,O Formigueiro
-8.800276,42.693732,Sta. Baia de Araño,España,A Coruña,Rianxo,O Agro da Moa
-7.987636,41.94682,Ermita da Clamadoira,España,Ourense,Mugueimes,As Carreiras
-8.383797,42.274755,Ermita da Guía de Piñeiro,España,Pontevedra,Covelo,O Zacalledo
-8.847836,42.694852,San Pedro de Bealo,España,A Coruña,Boiro,O Valiño
-7.36261,43.428143,Catedral de Mondoñedo,España,Lugo,Mondoñedo,Os Muíños
-8.8451,42.700831,San Ramón de Bealo,España,A Coruña,Boiro,Bealo
-8.752809,42.326701,Iglesia de Sta Mª de Cela,España,Pontevedra,Bueu,Igrexario
-7.794765,43.171425,Capela de San Alberte,España,Lugo,Guitiriz,Alto de Roca
-8.412465,42.135127,San Nomedio,España,Pontevedra,As Neves,O Cotiño
-7.217045,42.432365,Capela das Farrapas,España,Lugo,Quiroga,Bendilló
-7.894517,43.1827,Iglesia de Sta María de Lagostelle,España,Lugo,Guitiriz,A Torre
-7.236927,43.523131,Ermita Sto Estevo de Ermo,España,Lugo,Barreiros,San Cosme
-7.41434,42.374286,Santuario dos Remedios,España,Ourense,O Castro de Caldelas,O Real da Pousa
-8.4906435,42.1037957,Capela de Monte Castelo,España,Pontevedra,Salvatierra de Miño,Bouza do Viso
-7.043243,42.707958,Iglesia do Cebreiro,España,Lugo,Piedrafita del Cebrero,O Cebreiro
-8.672505,42.138593,Virxe das Neves,España,Pontevedra,Mos,Erville
-7.558672,43.011293,Iglesia de San Pedro,España,Lugo,Lugo,Casco Vello
-7.288967,42.348588,Capela da Encarnación,España,Ourense,A Pobra de Trives,A Ponte
-7.370215,43.428237,Santuario de Os Remedios,España,Lugo,Mondoñedo,As Carroceiras
-7.869097,42.343767,Capilla dos Remedios,España,Ourense,Ourense,A Ponte
-8.605424,42.20383,Iglesia de Sta. Baia de Mos,España,Pontevedra,Mos,A Rúa
-8.603828,42.642759,San Fins de Estacas,España,Pontevedra,Cuntis,Casal do Eirigo
-8.685211,42.871609,Iglesia de San Fins,España,A Coruña,Pedrouzos,A Igrexa
-7.39638,42.11525,Iglesia de Camba,España,Ourense,Laza,Camba
-7.13868,42.292636,Santuario das Ermidas,España,Ourense,El Bollo,As Ermidas
-8.109235,42.20864,Nosa Señora do Val,España,Ourense,Sobrado,O Monte
-7.450395,42.765172,Iglesia de Barbadelo,España,Lugo,Sarria,O Mosteiro
-7.944077,43.029848,Santa Columba das Pías,España,A Coruña,Sobrado,Abeledo
-7.809544,42.893245,Iglesia de San Salvador de Donas,España,Lugo,Palas de Rei,Vilar de Donas
-8.271307,42.313419,Ermita da Xestosa,España,Ourense,Avión,Caseiro
-7.324842,42.733245,Capela do Ciprés,España,Lugo,Samos,O Outeiro
-7.615603,42.807695,Iglesia de San Juan,España,Lugo,Portomarín,O Molidao
-7.629819,42.768728,Ermita de Penaredonda,España,Lugo,Portomarín,Sabadelle
-7.784216,43.393765,Iglesia de Cabreiros,España,Lugo,Xermade,O Chao
-8.725754,42.210521,Iglesia de Castrelos,España,Pontevedra,Vigo,Pazó
-8.621727,42.149675,Capilla de la Guía,España,Pontevedra,Porriño,A Guía
-8.803512,42.147755,Capela das Angustias,España,Pontevedra,Nigrán,A Angustia
-8.341442,42.249104,Virgen de la Guía,España,Pontevedra,Covelo,Castro
-8.50697,42.371261,Iglesia de Rebordelo,España,Pontevedra,Ponte Caldelas,Rebordelo
-8.827602,42.008329,Iglesia de Burgueira,España,Pontevedra,Oia,A Aldea
-8.744046,42.46734,Capilla de San Antón Abade,España,Pontevedra,Meis,As Pereiras
-8.868125,43.297763,Iglesia de Mens,España,A Coruña,Malpica,Suhorta
-8.851705,42.117958,Santa Liberata,España,Pontevedra,Baiona,A Anunciada
-8.378768,42.256817,Virgen de la Esclavitud,España,Pontevedra,Covelo,Lourido
-8.705234,42.519359,Iglesia de Mosteiro,España,Pontevedra,O Mosteiro,Rochela
-8.936684,43.159664,San Pedro de Allo,España,A Coruña,Zas,O Allo
-8.644554,42.045933,Catedral de Tui,España,Pontevedra,Tuy,O Arrabal
-8.849619,42.119498,Capilla de la Misericordia,España,Pontevedra,Baiona,A Anunciada
-8.444916,42.39927,Ermita del Sagrado Corazón,España,Pontevedra,A Pedreira,O Toural
-8.405815,42.280323,San Xoan de Mosteiro,España,Pontevedra,Covelo,Os Oleiros
-9.263729,42.901829,Iglesia de Sta. Mª das Areas,España,A Coruña,Fisterra,A Insua
-8.771914,41.963881,Santuario de San Campio de Lonxe,España,Pontevedra,Tomiño,A Igrexa
-8.850504,42.118015,Colegiata de Santa María,España,Pontevedra,Baiona,A Anunciada
-8.252546,42.14494,Iglesia de Albeos,España,Pontevedra,Crecente,Vilameán
-8.53978,42.384758,Ermita y Sarcófago de San Vicente,España,Pontevedra,Ponte Caldelas,Parada
-8.155572,42.276651,San Xes de Francelos,España,Ourense,Ribadavia,O Fondo da Aldea
-8.836249,42.114863,Capilla de Santa Marta,España,Pontevedra,Baiona,O Burgo
-7.947564,42.216922,Santuario das Marabillas,España,Ourense,Cartelle,O Vieiro
-8.417959,42.387501,Santuario de Xende,España,Pontevedra,A Lama,A Igrexa
-8.50476,42.396903,Iglesia de Sta. Eulalia,España,Pontevedra,Cerdedo Cotobade,Entorno rural
-8.529036,42.401863,Iglesia de Tourón,España,Pontevedra,Ponte Caldelas,Buchabade
-8.601714,42.340404,Iglesia de Santiago,España,Pontevedra,A Devesa,O Conde
-7.951976,42.163702,Virxe de Cristal,España,Ourense,Celanova,O Cristal
-8.750408,41.986717,Iglesia de Tomiño,España,Pontevedra,Seijo,Tomiño
-8.164186,42.320729,Iglesia de San Miguel,España,Ourense,Carballeda de Avia,Fiscás
-8.14513,42.285884,Iglesia de Sto Domingo,España,Ourense,Ribadavia,Figueirido
-8.643609,42.43074,Santuario de la Peregrina,España,Pontevedra,Pontevedra,Entorno rural
-8.870957,41.888921,Iglesia de Sta. Tegra,España,Pontevedra,A Guarda,Santa Trega
-8.481242,42.213682,Ermita de Santa Tegra,España,Pontevedra,Ponteareas,Troncoso
-8.350229,42.264961,Iglesia de San Salvador,España,Pontevedra,Covelo,A Igrexa
-8.183309,42.345479,Iglesia de Abelenda,España,Ourense,Carballeda de Avia,Casares
-8.813698,42.519573,Iglesia de San Bieito,España,Pontevedra,Cambados,Fefiñáns
-8.17045,42.322499,Capela de Veronza,España,Ourense,Carballeda de Avia,A Veronza
-8.455782,42.421425,Santuario de Aguasantas,España,Pontevedra,Cerdedo Cotobade,As Boliñas
-8.46263,42.223723,Capilla de San Pedro,España,Pontevedra,Mondariz Balneario,O Pazo
-8.179952,42.372857,Iglesia de Lamas,España,Ourense,Leiro,Sa
-8.517419,42.257333,San Cibrán de Paredes,España,Pontevedra,Ponteareas,O Mosteiro
-8.466108,42.361874,Iglesia de Anceu,España,Pontevedra,Ponte Caldelas,Os Ramís
-8.122594,42.360667,Capela de San Antón,España,Ourense,Leiro,A Veiga
-8.841097,42.404788,Capilla de Arra,España,Pontevedra,Sanxenxo,O Catadoiro
-8.145764,42.284083,Capilla de San Lázaro,España,Ourense,Ribadavia,Figueirido
-7.449058,41.946616,Iglesia de Sta. María Gracia,España,Ourense,Monterrei,Monterrei
-7.303402,43.561024,Basílica de San Martiño de Foz,España,Lugo,Foz,O Xácamo
-7.448741,41.946397,Hospital del Peregrino,España,Ourense,Monterrei,Monterrei
-7.786598,42.240703,Santuario de Augas Santas,España,Ourense,Allariz,Santa Mariña de Augas Santas
-8.40703,43.249466,Iglesia de Sta. María de Celas,España,A Coruña,Culleredo,Celas
-8.362354,43.316077,Iglesia de Santiago do Burgo,España,A Coruña,Culleredo,Acea de Ama
-8.529045,42.443015,Ermita de Lourdes,España,Pontevedra,Cerdedo Cotobade,A Ponte Borela
-8.344109,43.292155,Iglesia de Santa María de Cambre,España,A Coruña,Cambre,O Valado
-8.075064,42.431316,Templo de la Vera Cruz,España,Ourense,O Carballiño,O Tellado
-9.030354,42.990071,Iglesia de San Martiño,España,A Coruña,Dumbría,Vilar
-8.192748,43.612403,Virxe do Porto,España,A Coruña,Valdoviño,Valdoviño
-8.114911,42.290884,Iglesia de Sta. María de Castrelo,España,Ourense,Barral,Paradela
-9.228388,43.011108,Iglesia de Frixe,España,A Coruña,Muxía,A Grixa
-7.724311,42.51794,Iglesia de Chouzán,España,Lugo,Carballedo,A Pena
-8.791707,42.261271,Capela de San Roque,España,Pontevedra,Cangas,San Roque do Monte
-7.659781,42.272322,San Pedro de Maceda,España,Ourense,Maceda,A Eirexa
-8.489944,42.465864,Iglesia de Rebordelo,España,Pontevedra,A Chan,Os Lourenzos
-8.549341,42.379146,Iglesia de Taboadelo,España,Pontevedra,Ponte Caldelas,Taboadelo
-7.629443,42.232977,Santuario Virxen dos Milagres,España,Ourense,Baños de Molgas,Baños de Molgas
-8.402627,42.778407,Iglesia de Ponte Ulla,España,A Coruña,A Estrada,A Ponte Ulla
-8.886589,43.098732,Ermita de San Roque do Monte,España,A Coruña,Zas,Rosende
-8.495669,42.080935,Capilla de San lorenzo,España,Pontevedra,Salvatierra de Miño,Os Feás
-8.002062,41.973118,Iglesia visigótica de Santa Comba,España,Ourense,Bande,Santa Comba
-8.401463,42.408154,Santuario das Ermidas,España,Pontevedra,A Lama,A Aldea
-7.892385,42.624711,Nosa Señora do Faro,España,Lugo,Chantada,Entorno rural
-8.692308,42.567507,Iglesia de San Pedro Mártir,España,Pontevedra,Portas,Cachal
-8.804129,42.557735,Capilla de las Angustias,España,Pontevedra,Vilanova de Arousa,Ousensa
-8.446272,42.806776,Iglesia de San Sebastián,España,A Coruña,Boqueixón,Entorno rural
-8.687019,42.568278,Capilla de Sto. Domingo,España,Pontevedra,Portas,Paredes
-8.390514,42.531511,Iglesia de San Juan,España,Pontevedra,Cerdedo,A Torrente
-8.206228,42.171957,Virxe do Camiño,España,Pontevedra,Crecente,Soutomaior
-8.466522,42.358413,Capilla de Guadalupe,España,Pontevedra,Ponte Caldelas,Os Ramís
-7.944789,41.950682,Virxe da Aperecida,España,Ourense,Mugueimes,Porqueirós
-8.525103,42.279489,Iglesia de Cuartos de Borbén,España,Pontevedra,Pazos,O Mosteiro
-8.120398,41.934222,Iglesia de Sta. Mª La Real,España,Ourense,A Terrachán,A Quintán
-7.864784,42.61288,Santiago de Requeixo,España,Lugo,Chantada,O Pereiro
-8.437512,42.61847,Iglesia ed San Xurxo de Codeseda,España,Pontevedra,A Estrada,A Sagrada
-7.703266,42.500454,Santo Estevo de Atán,España,Lugo,Pantón,Pesqueiras
-8.142256,42.350478,Iglesia de Berán,España,Ourense,Leiro,A Agra
-7.711973,42.594465,Iglesia de Diomondi,España,Lugo,O Saviñao,Buxán
-8.645678,42.651841,Iglesia de Carracedo,España,Pontevedra,Caldas de Reis,Entorno rural
-7.814122,42.502438,Santa Baia de Búbal,España,Lugo,A Peroxa,Fontefría
-9.140672,43.02662,Santuario y Hórreos de Transufe,España,A Coruña,Dumbría,Truitín
-8.393523,42.529896,Ermita de San Antón,España,Pontevedra,Cerdedo,A Torrente
-7.710139,42.49066,Iglesia de San Xoán da Cova,España,Lugo,Carballedo,O Mallo
-9.158326,43.024848,Ermita de Santo Eutel,España,A Coruña,Muxía,O Castro
-7.339881,42.654963,San Pedro Fiz,España,Lugo,A Cruz do Incio,A Pedreira
-7.454414,41.962398,Iglesia de Mixós,España,Ourense,Monterrei,Estevesiños
-8.789725,42.197346,Capela do Carmen,España,Pontevedra,Vigo,Fontenla
-7.719054,42.660632,Santuario de Guadalupe,España,Lugo,Chantada,A Santa Rosa
-7.785799,42.613019,Iglesia de Fátima,España,Lugo,Chantada,San Xurxo
-8.39393,43.369562,Iglesia de Santiago,España,A Coruña,La Coruña,Ciudad Vieja
-7.988611,42.477106,Virxe da Saleta,España,Ourense,San Cristovo de Cea,Entorno rural
-8.808022,42.258325,Ermita de Santa Marta,España,Pontevedra,Cangas,O Cunchido
-8.58805,42.566625,Iglesia de San Martiño de Gargantáns,España,Pontevedra,Moraña,Paraños
-8.158307,42.384681,Iglesia de Serantes,España,Ourense,Leiro,Sa
-8.7993,42.693557,Milagros de Araño,España,A Coruña,Rianxo,Traba
-8.877728,42.429821,Ermita de la Lanzada,España,Pontevedra,Sanxenxo,A Lanzada
-8.283176,43.559651,Ermita de Santa Comba,España,A Coruña,Ferrol,As Pozas
-7.713825,42.556325,Iglesia de Nogueira de Miño,España,Lugo,Chantada,Nogueira de Arriba
-8.766157,42.303392,Iglesia de Ermelo,España,Pontevedra,Bueu,Ermelo
-8.215156,42.745066,Santuario do Corpiño,España,Pontevedra,Lalín,Ribas
-8.394588,42.553886,Ermita de Santa Lucía,España,Pontevedra,Cerdedo,Tomonde
-8.112,42.445722,Iglesia de Astureses,España,Ourense,Boborás,Ventosa
-8.584401,42.540995,Santuario de Amil,España,Pontevedra,Pontevedra,A Picota
-8.159917,42.424944,Iglesia de Cameixa,España,Ourense,Boborás,Cameixa
-8.129539,42.440458,Iglesia de Xuvencos,España,Ourense,Boborás,O Penedo de Xuvencos
-8.211111,43.282,Iglesia de Sta. María do Azogue,España,A Coruña,Betanzos,Ribeira
-8.104222,42.437167,Santuario da Saleta,España,Ourense,Boborás,Ventosa
-7.737361,42.9555,Iglesia de San Romao da Retorta,España,Lugo,Guntín,San Romao
-8.211417,43.2825,Iglesia de San Francisco,España,A Coruña,Betanzos,A Ribeira
-7.743613,42.441202,Capela da Costria,España,Ourense,Nogueira de Ramuín,Pena do Chao
-8.022611,42.577056,Iglesia de San Pedro de Dozón,España,Pontevedra,O Castro,O Mosteiro
-8.022583,42.583833,Iglesia de Santa María,España,Pontevedra,Dozón,Dozón
-8.649631,42.784055,Santuario da Escravitude,España,A Coruña,Padrón,A Escravitude
-8.525111,42.554222,Iglesia de Muimenta,España,Pontevedra,O Campo Lameiro,Moimenta
-8.320806,42.326389,Iglesia da Graña,España,Pontevedra,Covelo,A Porteliña do Campo
-8.525111,42.554222,Iglesia de Muimenta,España,Pontevedra,O Campo Lameiro,Moimenta
-8.145217,42.398534,Iglesia de San Salvador,España,Ourense,Boborás,Figueiredo
-8.557722,42.524556,Iglesia de Sta. María de Fragas,España,Pontevedra,O Campo Lameiro,Freixeiro
-7.539895,42.362349,Ermita de Triguás,España,Ourense,Parada de Sil,Os Fiós
-7.705065,42.664569,San Vitorio de Ribas de Miño,España,Lugo,O Saviñao,A Abadía
-8.655086,42.745913,Iglesia Colegiata Santa María de Iria Flavia,España,A Coruña,Padrón,Iria Flavia
-7.668328,42.293985,Iglesia de Zorelle,España,Ourense,Maceda,Bustavalle
-7.910575,41.968098,Santuario do Couso,España,Ourense,Muíños,Farnadeiros
-7.862998,42.336484,Catedral de Ourense,España,Ourense,Ourense,Casco Vello
-8.020545,42.359218,Iglesia de Ourantes,España,Ourense,A Forxa,A Eirexa
-7.864653,42.336599,Iglesia de Sta Eufemia,España,Ourense,Ourense,Casco Vello
-7.676226,42.561165,Iglesia San Martiño de Covas,España,Lugo,O Saviñao,O Priorato
-7.863145,42.335521,Iglesia de Sta. María Nai,España,Ourense,Ourense,Casco Vello
-7.551889,42.39913,Santuario de Cadeiras,España,Lugo,Sober,Portabrosmos
-7.669102,42.56444,Iglesia San Lourenzo de Fión,España,Lugo,O Saviñao,O Priorato
-7.549588,42.406027,Iglesia San vicente de Pinol,España,Lugo,Sober,A Regueira
-7.583378,42.451629,Iglesia Santa María de Proendos,España,Lugo,Sober,A Regueira
-8.128027,42.333938,Iglesia de Sta María de Beade,España,Ourense,Beade,Beade
-8.593369,42.690716,Santuario de Requián,España,Pontevedra,Valga,Os Martores
-8.551232,42.708118,Iglesia de Santo André de Vea,España,Pontevedra,A Estrada,Cardelle
-8.119186,42.656446,Iglesia de Donramiro,España,Pontevedra,Lalín,O Empalme
-8.365293,42.74783,Iglesia de Santa maría de Loimil,España,Pontevedra,A Estrada,A Valiña
-7.931413,42.61093,Iglesia de San Martiño de Asperelo,España,Pontevedra,Rodeiro,Asperelo
-8.06476,42.811837,Iglesia de Santo André de Órrea,España,Pontevedra,Agolada,Brandariz
-7.619459,42.592522,Iglesia Santa María de Seteventos,España,Lugo,O Saviñao,Mosiños
-8.392427,43.370773,Colegiata de Santa María de Campo,España,A Coruña,La Coruña,Ciudad Vieja
-8.138321,42.2540971,Iglesia de San Salvador da Arnoia,España,Ourense,Outeiro Cruz,A Paixón
-8.0880404,42.235087,Iglesia de Sande,España,Ourense,Outeiro Cruz,O Rial
-8.1048417,42.1785274,Santuario da Guía,España,Ourense,Sobrado,O Redondallo
-8.0960441,42.1621469,Iglesia de O Pao,España,Ourense,Gomesende,Gomesende
-8.1871855,42.152937,Iglesia de Desteriz,España,Ourense,Padrenda,A Frieira
-8.1834626,43.3998015,Iglesia de Breamo,España,A Coruña,Puentedeume,Vista Alegre
-8.2519019,43.4327356,Iglesia de Lubre,España,A Coruña,Ares,Lubre
-8.8495088,42.1076592,Iglesia de Baíña,España,Pontevedra,Baiona,A Igrexa
-8.4054101,42.7954321,Ermita de San Paio de Codeso,España,A Coruña,Boqueixón,Ardesende
-8.3944774,42.7824882,Santuario de Gundián,España,Pontevedra,A Estrada,O Seixo
-8.3951855,42.4687256,Ermita de Santa Mariña,España,Pontevedra,Cerdedo Cotobade,Fraguas
-8.4169275,42.354441,Iglesia de Verducido,España,Pontevedra,A Lama,O Cruceiro
-8.3647156,42.3858103,Ermita dos Prados,España,Pontevedra,A Lama,Grifa
-8.4384978,42.4968697,Iglesia de Corredoira,España,Pontevedra,A Chan,O Lombo
-8.563081,42.6338245,Iglesia de Cuntis,España,Pontevedra,Cuntis,Trasponte
-8.5104561,42.5173783,Carballeira y capilla de San Xusto,España,Pontevedra,Cerdedo Cotobade,San Xurxo
-8.3467448,42.5248429,Iglesia de Presqueiras,España,Pontevedra,Forcarei,Devesa de Abaixo
-7.9759938,42.0300258,Iglesia de San Pedro,España,Ourense,Bande,As Airas
-8.3759487,42.3496639,Capela do Castro,España,Pontevedra,Fornelos de Montes,A Airoa
-8.8464725,42.4840137,Capilla de las Conchas,España,Pontevedra,O Grove,La Toja
-8.6517334,42.6933027,Iglesia de Xanza,España,Pontevedra,Ponte Valga,A Carreira
-8.0928898,41.8667006,Ermida do Xurés,España,Ourense,Lobios,Vilameá
-8.4687531,42.4602649,Iglesia de Loureiro,España,Pontevedra,A Chan,O Igrexario
-8.3533323,42.1233814,Ermita de San Fins,España,Pontevedra,As Neves,A Aldea
-6.921199,42.8784839,Ermita de Cornantes,España,Lugo,Cervantes,Corneantes
-8.6431825,42.2085182,Ermita de A Peña de Francia,España,Pontevedra,A Portela de Puxeiros,O Cotiño
-8.8159329,42.1136525,Iglesia de Santa Cristina,España,Pontevedra,Baiona,As Fontiñas
-8.80963888888891,42.47975,Iglesia de Castrelo,España,Pontevedra,Cambados,O Facho
-8.144753,42.2860045,Virxe do Portal,España,Ourense,Ribadavia,Figueirido
-8.1200016,42.30173,San Paio,España,Ourense,Ribadavia,O Val de Pereira
-7.7916616,42.4407728,Iglesia de A Peroxa,España,Ourense,A Peroxa,As Barras
-7.64786111111107,42.51825,San Miguel de Eiré,España,Lugo,Pantón,O Mosteiro
-7.07552777777778,42.7604722222222,Iglesia de Noceda,España,Lugo,As Nogais,Noceda
-8.7767243,42.1885663,Iglesia de Coruxo,España,Pontevedra,Vigo,A Igrexa
-8.6782336,42.183715,Ermida dos Ramallos,España,Pontevedra,Vigo,San Cibrán
-8.5814059,42.0266866,Capela de Sto. Ovídio,Portugal,Viana do Castelo,Valencia de Miño,Friestas
-8.5696095,42.0189275,Nossa Senhora dos Remédios,Portugal,Viana do Castelo,Valencia de Miño,Friestas
-8.6281621,42.7346826,Iglesia de Herbón,España,A Coruña,Padrón,A Igrexa
-8.631295,42.73301,Convento de Herbón,España,Pontevedra,Padrón,Herbón
-8.6271536,42.4114173,Ermida de San Cibrán,España,Pontevedra,Pontevedra,Lusquiños
-8.2294223,42.2336115,San Bieito,España,Ourense,Melón,A Fonte Santa
-8.596217,42.0187521,Capela do Monte do Faro,Portugal,Viana do Castelo,Valencia de Miño,Ganfei
-8.727302,42.49719,Iglesia de San Salvador,España,Pontevedra,O Mosteiro,Veiga da Vila
-7.6870179,42.2257924,Capilla de San Vitorio,España,Ourense,Baños de Molgas,Presqueira
-8.479954,42.0788668,Igreja Matriz de Monção,Portugal,Viana do Castelo,Monção e Troviscoso,Real
-8.394767,42.0750364,Iglesia de Ponte do Mouro,Portugal,Viana do Castelo,Monção,Ponte de Mouro
-8.3793336,42.6409162,Ruinas Ermida de San Mauro,España,Pontevedra,Forcarei,A Rúa
-8.1118539,42.3360817,Nosa Señora das Areas,España,Ourense,Ribadavia,Lentille
-8.1070411,42.6611616,Igrexa de San Martiño de Lalín de Arriba,España,Pontevedra,Lalín,Lagazós
-8.8387736,41.8781691,Igreja Matriz de Caminha ou Igreja de Nossa Senhora da Assunção,Portugal,Viana do Castelo,Caminha,Entorno rural
-8.8345958,41.8485706,Capela de Santo Antão,Portugal,Viana do Castelo,Caminha,Entorno rural
-8.7297696,41.9455507,Ermita de A Senhora da Encarnação,Portugal,Viana do Castelo,Vila Nova de Cerveira,Entorno rural
-8.733817,41.9416425,Espirito Santo,Portugal,Viana do Castelo,Vila Nova de Cerveira,Entorno rural
-8.4619939,42.0598798,Ruinas Capela de Guadalupe,Portugal,Viana do Castelo,Monção e Troviscoso,Troviscoso
-7.8691202,42.236665,Igrexa de San Pedro da Mezquita,España,Ourense,A Merca,O Val
-8.2060264,42.9854249,Ermida Da Mota,España,A Coruña,Arzúa,A Cabrita
-8.4542933,42.0615804,Capela da Pedra,Portugal,Viana do Castelo,Monção e Troviscoso,Troviscoso
-8.844749,41.967351,Capilla de San Martiño,España,Pontevedra,O Rosal,Lugar de Alvino
-8.2525402,42.1201426,Capela da Orada,Portugal,Viana do Castelo,Melgaço,Entorno rural
-8.3615935,42.0648222,Nossa Senhora da Graça,Portugal,Viana do Castelo,Ceivães e Badim,Badim
-8.3714694,42.0652125,Capela da Boa Nova,Portugal,Viana do Castelo,Ceivães e Badim,Paderne
-8.4793025,42.0997129,Capilla de San Gregorio (Ruinas),España,Pontevedra,Salvaterra de Miño,San Gregorio
-8.6084962,41.9915223,Ruinas da capela da Quinta do Fojo,Portugal,Viana do Castelo,Valencia de Miño,Cerdal
-8.1403434,41.8868835,Casa da Escusalla,España,Ourense,Lobios,A Escusalla
-9.0046808,43.2227189,Igrexa de Santa María da Atalaia,España,A Coruña,Laxe,As Rías
-9.0090533,43.2194179,Capilla de Santa Rosa,España,A Coruña,Laxe,O Bieiteiro
-8.4731489,42.153218,Capilla de San Amaro,España,Pontevedra,Ponteareas,Puzo
-7.2463528,42.4432079,Ruinas de la capilla de O Santo,España,Lugo,San Clodio,Souto
-8.2196958,42.1515379,Nosa Señora de Fátima,España,Pontevedra,Crecente,A Reitoral
-7.9831244,42.9781296,Igrexa de San Antoniño de Toques,España,A Coruña,O Souto,Os Curros
-8.6525535,42.5273469,Iglesia románica de Agudelo,España,Pontevedra,Santo Antoniño,Goimil
-8.7714904,42.2826493,Iglesia de Coiro,España,Pontevedra,Cangas,O Igrexario
-8.3129736,42.1343549,Capela de San Felipe,España,Pontevedra,Arbo,A Pereira
-7.0155014,42.4040777,Ruinas Iglesias de Cesures,España,Ourense,El Barco de Valdeorras,Cesures
-6.8332946,42.4558378,Ruinas Iglesia de Pardollán,España,Ourense,Rubiá,Pardollán
-7.6158247,41.9897832,Iglesia románica de Vilar de Lebres,España,Ourense,Trasmiras,Vilar de Lebres
-7.6513337,42.0866722,Iglesia románica de Solbeira,España,Ourense,Xinzo de Limia,Solbeira
-8.8157934,42.2792335,Iglesia de San Cibrán de Aldán,España,Pontevedra,Cangas de Morrazo,San Cibrán
-7.9539412,42.4098586,Iglesia de Amoeiro,España,Ourense,Amoeiro,Souto
-7.759452,43.1738972,Iglesia románica de Baamonde,España,Lugo,Begonte,Baamonde
-7.4888031,43.3609425,Iglesia románica de Abadín,España,Lugo,Abadín,Fernandaño
-7.1409318,42.0607199,Iglesia de A Gudiña,España,Ourense,A Gudiña,A Gudiña
-8.2565104,43.0203701,Iglesia románica de Gafoi,España,A Coruña,Ponte Carreira,Liñares
-7.833039,42.6932708,Ermita de Susá,España,Lugo,Taboada,Bela Vista
-8.4716324,42.4463752,Capilla de Santa Lucía de Famelga,España,Pontevedra,Cerdedo Cotobade,O Fental
-8.80153,42.2627424,Iglesia de Darbo,España,Pontevedra,Cangas,O Cunchido
-8.0484207,42.1897727,Iglesia de San Andrés de Penosiños,España,Ourense,Ramirás,A Aldea
-8.4369475,42.4202277,Ermida dos Anxos do Peso,España,Pontevedra,A Lama,O Peso
-7.8025959,42.191898,Iglesia románica de Vilanova,España,Ourense,Allariz,A Frieira
-7.668696,42.3594353,Ermida da Virxe do Monte,España,Ourense,Esgos,Rebolar
-8.1627189,42.9262419,Capela da Madalea,España,A Coruña,Arzúa,O Río Vello
-7.7998487,42.1904712,Iglesia de Santo Estevo,España,Ourense,Allariz,San Lázaro
-7.9120702,42.6703045,Iglesia de Camba,España,Pontevedra,Rodeiro,A Portela
-8.0128723,42.9137546,Capela de San Roque,España,A Coruña,Melide,O Rañadoiro
-7.8020982,42.1900686,Iglesia románica de Santiago,España,Ourense,Allariz,San Lázaro
-7.801966,42.1884412,Iglesia de San Pedro de Allariz,España,Ourense,Allariz,San Lázaro
-7.7988562,42.1883757,Iglesia de San Benito,España,Ourense,Allariz,Roimelo
-8.2018314,43.2934719,Iglesia románica de Tiobre,España,A Coruña,Betanzos,Betanzos o Vello
-8.5032778,42.1657561,Iglesia de Angoares,España,Pontevedra,Ponteareas,Picón
-7.3775854,42.4417859,Iglesia románica de Torbeo,España,Lugo,Ribas de Sil,O Carballiño
-8.3880066,42.0805899,Capela de San Manuel,España,Pontevedra,As Neves,O Pazo
-8.025268,42.9115118,Iglesia de Santa Mariña de Melide,España,A Coruña,Melide,Catasol
-8.1598488,42.1519172,Capilla da Portela,España,Ourense,Padrenda,Entorno rural
-8.1276475,42.4167601,Igrexa de San Mamede de Moldes,España,Ourense,Boborás,Ponterriza
-8.0185086,42.4977377,Ruinas de la iglesia de San Paio de Loeda,España,Ourense,Piñor,Carpaceiras
-8.1172249,42.416633,Ermida de San Pedro de Bouteiro,España,Ourense,O Carballiño,Ponterriza
-8.9401431,43.2153865,Ruínas da Capela de Fátima,España,A Coruña,A Carballa,As Grelas
-8.6236584,42.9682661,Ruinas capilla Novais,España,A Coruña,Portomouro de Abaixo,Novais
-8.73767,42.0183542,Ruinas capilla de San Tomé,España,Pontevedra,Tomiño,A Silvosa
-7.8570432,42.1530502,Ermita prerrománica,España,Ourense,Rairiz de Veiga,Rairiz de Veiga
-8.9347926,42.9066812,Ruinas da Igrexa de Santa Baia de Chacín,España,A Coruña,Mazaricos,Santa Baia
-8.1347162,43.0603323,Igrexa de Santa María de Mezonzo,España,A Coruña,Ru,O Priorato
-7.3288718,42.6445728,Trascastro,España,Lugo,O Incio,Trascastro
-7.5958173,42.8117719,Ruinas – Iglesia de Ribas de Miño en O Páramo,España,Lugo,O Páramo,A Escrita
-7.4194448,42.6657073,Iglesia de Vilasouto,España,Lugo,O Incio,A Ermida
-7.7106871,42.5905655,Ruinas – Iglesia de Sta. María do Camiño en Montecelo,España,Lugo,O Saviñao,A Vendanova
-7.3070703,42.7006535,Igrexa de San Salvador do Mao,España,Lugo,O Incio,Pacios
-7.9750513,42.365966,Igrexa de San Pedro de Trasalba,España,Ourense,Amoeiro,Cima de Vila
-7.0227949,42.3252089,Santuario do Santo Cristo Da Ascensión,España,Ourense,La Vega,La Vega
-8.7895295,42.3136081,Capela dos Santos Reis,España,Pontevedra,Bueu,O Valado
-8.1440382,42.2237995,Antigua Igrexa de Louredo,España,Ourense,Cortegada,Barrio de Louredo
-7.8916497,42.5204114,Ruinas Capilla de San Roque,España,Lugo,Carballedo,Aguada de Arriba
-9.0081297,42.7252806,Capilla de Atalaia,España,A Coruña,O Porto do Son,Xío
-7.7395014,42.1946985,Ermita de A Siota,España,Ourense,Xunqueira de Ambía,Casnaloba
