id_concello,concello,provincia,codigo_provincia,codigo_concello,pais,id_provincia
a-armada-a-coruna-espana,A Armada,A Coruña,15,0,España,a-coruna
a-capela-a-coruna-espana,A Capela,A Coruña,15,0,España,a-coruna
a-carballa-a-coruna-espana,A Carballa,A Coruña,15,0,España,a-coruna
a-carreira-a-coruna-espana,A Carreira,A Coruña,15,0,España,a-coruna
a-coruna-a-coruna-espana,A Coruña,A Coruña,15,15030,España,a-coruna
a-estrada-a-coruna-espana,A Estrada,A Coruña,15,0,España,a-coruna
a-laracha-a-coruna-espana,A Laracha,A Coruña,15,15041,España,a-coruna
a-pobra-do-caraminal-a-coruna-espana,A Pobra Do Caramiñal,A Coruña,15,15940,España,a-coruna
aguino-a-coruna-espana,Aguiño,A Coruña,15,0,España,a-coruna
ames-a-coruna-espana,Ames,A Coruña,15,0,España,a-coruna
aranga-a-coruna-espana,Aranga,A Coruña,15,0,España,a-coruna
ares-a-coruna-espana,Ares,A Coruña,15,0,España,a-coruna
arteixo-a-coruna-espana,Arteixo,A Coruña,15,15143,España,a-coruna
arzua-a-coruna-espana,Arzúa,A Coruña,15,0,España,a-coruna
as-pontes-de-garcia-rodriguez-a-coruna-espana,As Pontes De García Rodríguez,A Coruña,15,15320,España,a-coruna
bergondo-a-coruna-espana,Bergondo,A Coruña,15,15008,España,a-coruna
betanzos-a-coruna-espana,Betanzos,A Coruña,15,0,España,a-coruna
boiro-a-coruna-espana,Boiro,A Coruña,15,0,España,a-coruna
boqueixon-a-coruna-espana,Boqueixón,A Coruña,15,0,España,a-coruna
cabana-de-bergantinos-a-coruna-espana,Cabana De Bergantiños,A Coruña,15,0,España,a-coruna
camarinas-a-coruna-espana,Camariñas,A Coruña,15,15016,España,a-coruna
cambre-a-coruna-espana,Cambre,A Coruña,15,0,España,a-coruna
carballo-a-coruna-espana,Carballo,A Coruña,15,15019,España,a-coruna
carino-a-coruna-espana,Cariño,A Coruña,15,0,España,a-coruna
carnota-a-coruna-espana,Carnota,A Coruña,15,0,España,a-coruna
carral-a-coruna-espana,Carral,A Coruña,15,0,España,a-coruna
catoira-a-coruna-espana,Catoira,A Coruña,15,0,España,a-coruna
cedeira-a-coruna-espana,Cedeira,A Coruña,15,0,España,a-coruna
cee-a-coruna-espana,Cee,A Coruña,15,0,España,a-coruna
cesuras-a-coruna-espana,Cesuras,A Coruña,15,0,España,a-coruna
coiros-a-coruna-espana,Coirós,A Coruña,15,0,España,a-coruna
coristanco-a-coruna-espana,Coristanco,A Coruña,15,0,España,a-coruna
cruido-a-coruna-espana,Cruído,A Coruña,15,0,España,a-coruna
culleredo-a-coruna-espana,Culleredo,A Coruña,15,0,España,a-coruna
dumbria-a-coruna-espana,Dumbría,A Coruña,15,15034,España,a-coruna
fene-a-coruna-espana,Fene,A Coruña,15,0,España,a-coruna
ferrol-a-coruna-espana,Ferrol,A Coruña,15,15406,España,a-coruna
fisterra-a-coruna-espana,Fisterra,A Coruña,15,0,España,a-coruna
frades-a-coruna-espana,Frades,A Coruña,15,0,España,a-coruna
irixoa-a-coruna-espana,Irixoa,A Coruña,15,0,España,a-coruna
la-coruna-a-coruna-espana,La Coruña,A Coruña,15,0,España,a-coruna
laxe-a-coruna-espana,Laxe,A Coruña,15,15117,España,a-coruna
lousame-a-coruna-espana,Lousame,A Coruña,15,0,España,a-coruna
malpica-a-coruna-espana,Malpica,A Coruña,15,0,España,a-coruna
malpica-de-bergantinos-a-coruna-espana,Malpica De Bergantiños,A Coruña,15,15113,España,a-coruna
mazaricos-a-coruna-espana,Mazaricos,A Coruña,15,0,España,a-coruna
manon-a-coruna-espana,Mañón,A Coruña,15,0,España,a-coruna
melide-a-coruna-espana,Melide,A Coruña,15,0,España,a-coruna
mera-a-coruna-espana,Mera,A Coruña,15,0,España,a-coruna
mino-a-coruna-espana,Miño,A Coruña,15,15630,España,a-coruna
moeche-a-coruna-espana,Moeche,A Coruña,15,0,España,a-coruna
mugardos-a-coruna-espana,Mugardos,A Coruña,15,0,España,a-coruna
muros-a-coruna-espana,Muros,A Coruña,15,15250,España,a-coruna
muxia-a-coruna-espana,Muxía,A Coruña,15,0,España,a-coruna
naron-a-coruna-espana,Narón,A Coruña,15,0,España,a-coruna
negreira-a-coruna-espana,Negreira,A Coruña,15,0,España,a-coruna
noia-a-coruna-espana,Noia,A Coruña,15,0,España,a-coruna
o-pazo-do-rio-a-coruna-espana,O Pazo Do Río,A Coruña,15,0,España,a-coruna
o-porto-de-santa-cruz-a-coruna-espana,O Porto De Santa Cruz,A Coruña,15,0,España,a-coruna
o-porto-do-son-a-coruna-espana,O Porto Do Son,A Coruña,15,0,España,a-coruna
o-souto-a-coruna-espana,O Souto,A Coruña,15,0,España,a-coruna
oleiros-a-coruna-espana,Oleiros,A Coruña,15,15058,España,a-coruna
oroso-a-coruna-espana,Oroso,A Coruña,15,0,España,a-coruna
ortigueira-a-coruna-espana,Ortigueira,A Coruña,15,0,España,a-coruna
outes-a-coruna-espana,Outes,A Coruña,15,0,España,a-coruna
oza-cesuras-a-coruna-espana,Oza Cesuras,A Coruña,15,0,España,a-coruna
padron-a-coruna-espana,Padrón,A Coruña,15,0,España,a-coruna
pedrouzos-a-coruna-espana,Pedrouzos,A Coruña,15,0,España,a-coruna
ponte-carreira-a-coruna-espana,Ponte Carreira,A Coruña,15,0,España,a-coruna
ponteceso-a-coruna-espana,Ponteceso,A Coruña,15,15068,España,a-coruna
portobravo-a-coruna-espana,Portobravo,A Coruña,15,0,España,a-coruna
portomouro-de-abaixo-a-coruna-espana,Portomouro De Abaixo,A Coruña,15,0,España,a-coruna
puentedeume-a-coruna-espana,Puentedeume,A Coruña,15,0,España,a-coruna
rebordelo-a-coruna-espana,Rebordelo,A Coruña,15,0,España,a-coruna
rianxo-a-coruna-espana,Rianxo,A Coruña,15,0,España,a-coruna
ribeira-a-coruna-espana,Ribeira,A Coruña,15,0,España,a-coruna
ru-a-coruna-espana,Ru,A Coruña,15,0,España,a-coruna
san-sadurnino-a-coruna-espana,San Sadurniño,A Coruña,15,0,España,a-coruna
santa-comba-a-coruna-espana,Santa Comba,A Coruña,15,0,España,a-coruna
santa-uxia-de-ribeira-a-coruna-espana,Santa Uxía De Ribeira,A Coruña,15,0,España,a-coruna
santiago-de-compostela-a-coruna-espana,Santiago De Compostela,A Coruña,15,0,España,a-coruna
sobrado-a-coruna-espana,Sobrado,A Coruña,15,0,España,a-coruna
teo-a-coruna-espana,Teo,A Coruña,15,0,España,a-coruna
toques-a-coruna-espana,Toques,A Coruña,15,0,España,a-coruna
tordoia-a-coruna-espana,Tordoia,A Coruña,15,0,España,a-coruna
touro-a-coruna-espana,Touro,A Coruña,15,0,España,a-coruna
val-do-dubra-a-coruna-espana,Val Do Dubra,A Coruña,15,0,España,a-coruna
valdovino-a-coruna-espana,Valdoviño,A Coruña,15,0,España,a-coruna
valga-a-coruna-espana,Valga,A Coruña,15,0,España,a-coruna
vedra-a-coruna-espana,Vedra,A Coruña,15,0,España,a-coruna
vilarmaior-a-coruna-espana,Vilarmaior,A Coruña,15,0,España,a-coruna
vilasantar-a-coruna-espana,Vilasantar,A Coruña,15,0,España,a-coruna
vimianzo-a-coruna-espana,Vimianzo,A Coruña,15,0,España,a-coruna
zas-a-coruna-espana,Zas,A Coruña,15,0,España,a-coruna
a-cruz-do-incio-lugo-espana,A Cruz Do Incio,Lugo,27,0,España,lugo
a-fonsagrada-lugo-espana,A Fonsagrada,Lugo,27,0,España,lugo
a-peroxa-lugo-espana,A Peroxa,Lugo,27,0,España,lugo
a-pobra-do-brollon-lugo-espana,A Pobra Do Brollón,Lugo,27,0,España,lugo
a-pontenova-lugo-espana,A Pontenova,Lugo,27,0,España,lugo
a-proba-lugo-espana,A Proba,Lugo,27,0,España,lugo
a-ribeira-de-piquin-lugo-espana,A Ribeira De Piquín,Lugo,27,0,España,lugo
a-seara-lugo-espana,A Seara,Lugo,27,0,España,lugo
abadin-lugo-espana,Abadín,Lugo,27,0,España,lugo
antas-de-ulla-lugo-espana,Antas De Ulla,Lugo,27,0,España,lugo
as-nogais-lugo-espana,As Nogais,Lugo,27,0,España,lugo
barreiros-lugo-espana,Barreiros,Lugo,27,27792,España,lugo
becerrea-lugo-espana,Becerreá,Lugo,27,0,España,lugo
begonte-lugo-espana,Begonte,Lugo,27,0,España,lugo
burela-lugo-espana,Burela,Lugo,27,27902,España,lugo
boveda-lugo-espana,Bóveda,Lugo,27,0,España,lugo
carballedo-lugo-espana,Carballedo,Lugo,27,0,España,lugo
castro-de-rei-lugo-espana,Castro De Rei,Lugo,27,0,España,lugo
castroverde-lugo-espana,Castroverde,Lugo,27,0,España,lugo
cervantes-lugo-espana,Cervantes,Lugo,27,0,España,lugo
cervo-lugo-espana,Cervo,Lugo,27,27013,España,lugo
chantada-lugo-espana,Chantada,Lugo,27,0,España,lugo
corgo-lugo-espana,Corgo,Lugo,27,0,España,lugo
folgoso-do-courel-lugo-espana,Folgoso Do Courel,Lugo,27,0,España,lugo
foz-lugo-espana,Foz,Lugo,27,27019,España,lugo
friol-lugo-espana,Friol,Lugo,27,0,España,lugo
guitiriz-lugo-espana,Guitiriz,Lugo,27,0,España,lugo
guntin-lugo-espana,Guntín,Lugo,27,0,España,lugo
guntin-de-pallares-lugo-espana,Guntín De Pallares,Lugo,27,0,España,lugo
ibias-lugo-espana,Ibias,Lugo,27,0,España,lugo
lugo-lugo-espana,Lugo,Lugo,27,0,España,lugo
lancara-lugo-espana,Láncara,Lugo,27,0,España,lugo
meira-lugo-espana,Meira,Lugo,27,0,España,lugo
mondonedo-lugo-espana,Mondoñedo,Lugo,27,0,España,lugo
monforte-de-lemos-lugo-espana,Monforte De Lemos,Lugo,27,0,España,lugo
monterroso-lugo-espana,Monterroso,Lugo,27,0,España,lugo
navia-de-suarna-lugo-espana,Navia De Suarna,Lugo,27,0,España,lugo
negueira-de-muniz-lugo-espana,Negueira De Muñiz,Lugo,27,0,España,lugo
o-castro-de-ferreira-lugo-espana,O Castro De Ferreira,Lugo,27,0,España,lugo
o-incio-lugo-espana,O Incio,Lugo,27,0,España,lugo
o-paramo-lugo-espana,O Páramo,Lugo,27,0,España,lugo
o-savinao-lugo-espana,O Saviñao,Lugo,27,0,España,lugo
o-valadouro-lugo-espana,O Valadouro,Lugo,27,0,España,lugo
o-vicedo-lugo-espana,O Vicedo,Lugo,27,27064,España,lugo
ourol-lugo-espana,Ourol,Lugo,27,0,España,lugo
outeiro-de-rei-lugo-espana,Outeiro De Rei,Lugo,27,0,España,lugo
palas-de-rei-lugo-espana,Palas De Rei,Lugo,27,0,España,lugo
panton-lugo-espana,Pantón,Lugo,27,0,España,lugo
paradela-lugo-espana,Paradela,Lugo,27,0,España,lugo
pastoriza-lugo-espana,Pastoriza,Lugo,27,0,España,lugo
piedrafita-del-cebrero-lugo-espana,Piedrafita Del Cebrero,Lugo,27,0,España,lugo
portomarin-lugo-espana,Portomarín,Lugo,27,0,España,lugo
quiroga-lugo-espana,Quiroga,Lugo,27,0,España,lugo
ribadeo-lugo-espana,Ribadeo,Lugo,27,27051,España,lugo
ribas-de-sil-lugo-espana,Ribas De Sil,Lugo,27,0,España,lugo
samos-lugo-espana,Samos,Lugo,27,0,España,lugo
san-clodio-lugo-espana,San Clodio,Lugo,27,0,España,lugo
sarria-lugo-espana,Sarria,Lugo,27,0,España,lugo
sober-lugo-espana,Sober,Lugo,27,0,España,lugo
taboada-lugo-espana,Taboada,Lugo,27,0,España,lugo
vilalba-lugo-espana,Vilalba,Lugo,27,0,España,lugo
viveiro-lugo-espana,Viveiro,Lugo,27,27066,España,lugo
xermade-lugo-espana,Xermade,Lugo,27,0,España,lugo
xove-lugo-espana,Xove,Lugo,27,27025,España,lugo
a-forxa-ourense-espana,A Forxa,Ourense,32,0,España,ourense
a-gudina-ourense-espana,A Gudiña,Ourense,32,0,España,ourense
a-merca-ourense-espana,A Merca,Ourense,32,0,España,ourense
a-peroxa-ourense-espana,A Peroxa,Ourense,32,0,España,ourense
a-pobra-de-trives-ourense-espana,A Pobra De Trives,Ourense,32,0,España,ourense
a-teixeira-ourense-espana,A Teixeira,Ourense,32,0,España,ourense
a-terrachan-ourense-espana,A Terrachán,Ourense,32,0,España,ourense
aldea-de-deva-ourense-espana,Aldea De Deva,Ourense,32,0,España,ourense
allariz-ourense-espana,Allariz,Ourense,32,0,España,ourense
amoeiro-ourense-espana,Amoeiro,Ourense,32,0,España,ourense
avion-ourense-espana,Avión,Ourense,32,0,España,ourense
baltar-ourense-espana,Baltar,Ourense,32,0,España,ourense
bande-ourense-espana,Bande,Ourense,32,0,España,ourense
barbadas-ourense-espana,Barbadás,Ourense,32,0,España,ourense
barral-ourense-espana,Barral,Ourense,32,0,España,ourense
banos-de-molgas-ourense-espana,Baños De Molgas,Ourense,32,0,España,ourense
beade-ourense-espana,Beade,Ourense,32,0,España,ourense
beariz-ourense-espana,Beariz,Ourense,32,0,España,ourense
boboras-ourense-espana,Boborás,Ourense,32,0,España,ourense
calvos-de-randin-ourense-espana,Calvos De Randín,Ourense,32,0,España,ourense
carballeda-de-avia-ourense-espana,Carballeda De Avia,Ourense,32,0,España,ourense
cartelle-ourense-espana,Cartelle,Ourense,32,0,España,ourense
castrelo-de-mino-ourense-espana,Castrelo De Miño,Ourense,32,0,España,ourense
celanova-ourense-espana,Celanova,Ourense,32,0,España,ourense
chandrexa-de-queixa-ourense-espana,Chandrexa De Queixa,Ourense,32,0,España,ourense
cortegada-ourense-espana,Cortegada,Ourense,32,0,España,ourense
crecente-ourense-espana,Crecente,Ourense,32,0,España,ourense
cualedro-ourense-espana,Cualedro,Ourense,32,0,España,ourense
el-barco-de-valdeorras-ourense-espana,El Barco De Valdeorras,Ourense,32,0,España,ourense
el-bollo-ourense-espana,El Bollo,Ourense,32,0,España,ourense
entrimo-ourense-espana,Entrimo,Ourense,32,0,España,ourense
esgos-ourense-espana,Esgos,Ourense,32,0,España,ourense
fondevila-ourense-espana,Fondevila,Ourense,32,0,España,ourense
forxa-ourense-espana,Forxa,Ourense,32,0,España,ourense
gomesende-ourense-espana,Gomesende,Ourense,32,0,España,ourense
grou-ourense-espana,Grou,Ourense,32,0,España,ourense
la-vega-ourense-espana,La Vega,Ourense,32,0,España,ourense
laza-ourense-espana,Laza,Ourense,32,0,España,ourense
leiro-ourense-espana,Leiro,Ourense,32,0,España,ourense
lobeira-ourense-espana,Lobeira,Ourense,32,0,España,ourense
lobios-ourense-espana,Lobios,Ourense,32,0,España,ourense
luintra-ourense-espana,Luíntra,Ourense,32,0,España,ourense
maceda-ourense-espana,Maceda,Ourense,32,0,España,ourense
manzaneda-ourense-espana,Manzaneda,Ourense,32,0,España,ourense
maside-ourense-espana,Maside,Ourense,32,0,España,ourense
melon-ourense-espana,Melón,Ourense,32,0,España,ourense
montederramo-ourense-espana,Montederramo,Ourense,32,0,España,ourense
monterrei-ourense-espana,Monterrei,Ourense,32,0,España,ourense
mugueimes-ourense-espana,Mugueimes,Ourense,32,0,España,ourense
muinos-ourense-espana,Muíños,Ourense,32,0,España,ourense
nogueira-de-ramuin-ourense-espana,Nogueira De Ramuín,Ourense,32,0,España,ourense
o-campo-ourense-espana,O Campo,Ourense,32,0,España,ourense
o-carballino-ourense-espana,O Carballiño,Ourense,32,0,España,ourense
o-castro-de-caldelas-ourense-espana,O Castro De Caldelas,Ourense,32,0,España,ourense
o-irixo-ourense-espana,O Irixo,Ourense,32,0,España,ourense
o-pereiro-de-aguiar-ourense-espana,O Pereiro De Aguiar,Ourense,32,0,España,ourense
o-picouto-ourense-espana,O Picouto,Ourense,32,0,España,ourense
ourense-ourense-espana,Ourense,Ourense,32,0,España,ourense
outeiro-cruz-ourense-espana,Outeiro Cruz,Ourense,32,0,España,ourense
padrenda-ourense-espana,Padrenda,Ourense,32,0,España,ourense
panton-ourense-espana,Pantón,Ourense,32,0,España,ourense
parada-de-sil-ourense-espana,Parada De Sil,Ourense,32,0,España,ourense
petin-ourense-espana,Petín,Ourense,32,0,España,ourense
pinor-ourense-espana,Piñor,Ourense,32,0,España,ourense
pontedeva-ourense-espana,Pontedeva,Ourense,32,0,España,ourense
quintela-de-leirado-ourense-espana,Quintela De Leirado,Ourense,32,0,España,ourense
rairiz-de-veiga-ourense-espana,Rairiz De Veiga,Ourense,32,0,España,ourense
ramiras-ourense-espana,Ramirás,Ourense,32,0,España,ourense
ribadavia-ourense-espana,Ribadavia,Ourense,32,0,España,ourense
rubia-ourense-espana,Rubiá,Ourense,32,0,España,ourense
san-cristovo-de-cea-ourense-espana,San Cristovo De Cea,Ourense,32,0,España,ourense
san-roque-de-crespos-ourense-espana,San Roque De Crespos,Ourense,32,0,España,ourense
san-xusto-ourense-espana,San Xusto,Ourense,32,0,España,ourense
sandias-ourense-espana,Sandiás,Ourense,32,0,España,ourense
sarreaus-ourense-espana,Sarreaus,Ourense,32,0,España,ourense
sober-ourense-espana,Sober,Ourense,32,0,España,ourense
sobradelo-ourense-espana,Sobradelo,Ourense,32,0,España,ourense
sobrado-ourense-espana,Sobrado,Ourense,32,0,España,ourense
taboadela-ourense-espana,Taboadela,Ourense,32,0,España,ourense
toen-ourense-espana,Toén,Ourense,32,0,España,ourense
trasmiras-ourense-espana,Trasmiras,Ourense,32,0,España,ourense
verea-ourense-espana,Verea,Ourense,32,0,España,ourense
viana-del-bollo-ourense-espana,Viana Del Bollo,Ourense,32,0,España,ourense
vilamartin-ourense-espana,Vilamartín,Ourense,32,0,España,ourense
vilamartin-de-valdeorras-ourense-espana,Vilamartín De Valdeorras,Ourense,32,0,España,ourense
vilamarin-ourense-espana,Vilamarín,Ourense,32,0,España,ourense
vilardevos-ourense-espana,Vilardevós,Ourense,32,0,España,ourense
vilarino-de-conso-ourense-espana,Vilariño De Conso,Ourense,32,0,España,ourense
xinzo-de-limia-ourense-espana,Xinzo De Limia,Ourense,32,0,España,ourense
xubin-ourense-espana,Xubín,Ourense,32,0,España,ourense
xunqueira-de-ambia-ourense-espana,Xunqueira De Ambía,Ourense,32,0,España,ourense
xunqueira-de-espadanedo-ourense-espana,Xunqueira De Espadanedo,Ourense,32,0,España,ourense
a-caniza-pontevedra-espana,A Caniza,Pontevedra,36,0,España,pontevedra
a-chan-pontevedra-espana,A Chan,Pontevedra,36,0,España,pontevedra
a-devesa-pontevedra-espana,A Devesa,Pontevedra,36,0,España,pontevedra
a-escusa-pontevedra-espana,A Escusa,Pontevedra,36,0,España,pontevedra
a-esfarrapada-pontevedra-espana,A Esfarrapada,Pontevedra,36,0,España,pontevedra
a-estrada-pontevedra-espana,A Estrada,Pontevedra,36,0,España,pontevedra
a-guarda-pontevedra-espana,A Guarda,Pontevedra,36,36023,España,pontevedra
a-igrexa-pontevedra-espana,A Igrexa,Pontevedra,36,0,España,pontevedra
a-illa-de-arousa-pontevedra-espana,A Illa De Arousa,Pontevedra,36,36901,España,pontevedra
a-lama-pontevedra-espana,A Lama,Pontevedra,36,0,España,pontevedra
a-pedreira-pontevedra-espana,A Pedreira,Pontevedra,36,0,España,pontevedra
a-portela-de-puxeiros-pontevedra-espana,A Portela De Puxeiros,Pontevedra,36,0,España,pontevedra
agolada-pontevedra-espana,Agolada,Pontevedra,36,0,España,pontevedra
antas-de-ulla-pontevedra-espana,Antas De Ulla,Pontevedra,36,0,España,pontevedra
arbo-pontevedra-espana,Arbo,Pontevedra,36,0,España,pontevedra
arousa-pontevedra-espana,Arousa,Pontevedra,36,0,España,pontevedra
as-covas-pontevedra-espana,As Covas,Pontevedra,36,0,España,pontevedra
as-neves-pontevedra-espana,As Neves,Pontevedra,36,0,España,pontevedra
baiona-pontevedra-espana,Baiona,Pontevedra,36,36300,España,pontevedra
barrantes-pontevedra-espana,Barrantes,Pontevedra,36,0,España,pontevedra
barro-pontevedra-espana,Barro,Pontevedra,36,0,España,pontevedra
beariz-pontevedra-espana,Beariz,Pontevedra,36,0,España,pontevedra
boqueixon-pontevedra-espana,Boqueixón,Pontevedra,36,0,España,pontevedra
bueu-pontevedra-espana,Bueu,Pontevedra,36,36004,España,pontevedra
caldas-de-reis-pontevedra-espana,Caldas De Reis,Pontevedra,36,0,España,pontevedra
cambados-pontevedra-espana,Cambados,Pontevedra,36,0,España,pontevedra
cangas-pontevedra-espana,Cangas,Pontevedra,36,0,España,pontevedra
cangas-de-morrazo-pontevedra-espana,Cangas De Morrazo,Pontevedra,36,0,España,pontevedra
catoira-pontevedra-espana,Catoira,Pontevedra,36,0,España,pontevedra
cerdedo-pontevedra-espana,Cerdedo,Pontevedra,36,0,España,pontevedra
cerdedo-cotobade-pontevedra-espana,Cerdedo Cotobade,Pontevedra,36,0,España,pontevedra
combarro-pontevedra-espana,Combarro,Pontevedra,36,0,España,pontevedra
covelo-pontevedra-espana,Covelo,Pontevedra,36,0,España,pontevedra
crecente-pontevedra-espana,Crecente,Pontevedra,36,0,España,pontevedra
cuntis-pontevedra-espana,Cuntis,Pontevedra,36,0,España,pontevedra
dozon-pontevedra-espana,Dozón,Pontevedra,36,0,España,pontevedra
forcarei-pontevedra-espana,Forcarei,Pontevedra,36,0,España,pontevedra
fornelos-de-montes-pontevedra-espana,Fornelos De Montes,Pontevedra,36,0,España,pontevedra
gondomar-pontevedra-espana,Gondomar,Pontevedra,36,0,España,pontevedra
lalin-pontevedra-espana,Lalín,Pontevedra,36,0,España,pontevedra
marin-pontevedra-espana,Marín,Pontevedra,36,36026,España,pontevedra
meano-pontevedra-espana,Meaño,Pontevedra,36,0,España,pontevedra
meis-pontevedra-espana,Meis,Pontevedra,36,0,España,pontevedra
moana-pontevedra-espana,Moaña,Pontevedra,36,36029,España,pontevedra
mondariz-pontevedra-espana,Mondariz,Pontevedra,36,0,España,pontevedra
mondariz-balneario-pontevedra-espana,Mondariz Balneario,Pontevedra,36,0,España,pontevedra
morana-pontevedra-espana,Moraña,Pontevedra,36,0,España,pontevedra
mos-pontevedra-espana,Mos,Pontevedra,36,0,España,pontevedra
nigran-pontevedra-espana,Nigrán,Pontevedra,36,0,España,pontevedra
o-arrabal-pontevedra-espana,O Arrabal,Pontevedra,36,0,España,pontevedra
o-calvario-pontevedra-espana,O Calvario,Pontevedra,36,0,España,pontevedra
o-campo-lameiro-pontevedra-espana,O Campo Lameiro,Pontevedra,36,0,España,pontevedra
o-castro-pontevedra-espana,O Castro,Pontevedra,36,0,España,pontevedra
o-convento-pontevedra-espana,O Convento,Pontevedra,36,0,España,pontevedra
o-grove-pontevedra-espana,O Grove,Pontevedra,36,0,España,pontevedra
o-mosteiro-pontevedra-espana,O Mosteiro,Pontevedra,36,0,España,pontevedra
o-pazo-pontevedra-espana,O Pazo,Pontevedra,36,0,España,pontevedra
o-rial-pontevedra-espana,O Rial,Pontevedra,36,0,España,pontevedra
o-rosal-pontevedra-espana,O Rosal,Pontevedra,36,0,España,pontevedra
o-toural-pontevedra-espana,O Toural,Pontevedra,36,0,España,pontevedra
oia-pontevedra-espana,Oia,Pontevedra,36,0,España,pontevedra
padron-pontevedra-espana,Padrón,Pontevedra,36,0,España,pontevedra
pazos-pontevedra-espana,Pazos,Pontevedra,36,0,España,pontevedra
pazos-de-borben-pontevedra-espana,Pazos De Borbén,Pontevedra,36,0,España,pontevedra
poio-pontevedra-espana,Poio,Pontevedra,36,36992,España,pontevedra
ponte-caldelas-pontevedra-espana,Ponte Caldelas,Pontevedra,36,36043,España,pontevedra
ponte-valga-pontevedra-espana,Ponte Valga,Pontevedra,36,0,España,pontevedra
ponteareas-pontevedra-espana,Ponteareas,Pontevedra,36,0,España,pontevedra
pontevedra-pontevedra-espana,Pontevedra,Pontevedra,36,0,España,pontevedra
porrino-pontevedra-espana,Porriño,Pontevedra,36,0,España,pontevedra
portas-pontevedra-espana,Portas,Pontevedra,36,0,España,pontevedra
puentecesures-pontevedra-espana,Puentecesures,Pontevedra,36,0,España,pontevedra
raxo-pontevedra-espana,Raxó,Pontevedra,36,0,España,pontevedra
redondela-pontevedra-espana,Redondela,Pontevedra,36,0,España,pontevedra
reguengo-pontevedra-espana,Reguengo,Pontevedra,36,0,España,pontevedra
ribadumia-pontevedra-espana,Ribadumia,Pontevedra,36,0,España,pontevedra
rodeiro-pontevedra-espana,Rodeiro,Pontevedra,36,0,España,pontevedra
salceda-de-caselas-pontevedra-espana,Salceda De Caselas,Pontevedra,36,0,España,pontevedra
salvaterra-de-mino-pontevedra-espana,Salvaterra De Miño,Pontevedra,36,0,España,pontevedra
salvatierra-de-mino-pontevedra-espana,Salvatierra De Miño,Pontevedra,36,0,España,pontevedra
santa-lucia-de-morana-pontevedra-espana,Santa Lucía De Moraña,Pontevedra,36,0,España,pontevedra
santiago-de-covelo-pontevedra-espana,Santiago De Covelo,Pontevedra,36,0,España,pontevedra
santo-antonino-pontevedra-espana,Santo Antoniño,Pontevedra,36,0,España,pontevedra
sanxenxo-pontevedra-espana,Sanxenxo,Pontevedra,36,36051,España,pontevedra
seijo-pontevedra-espana,Seijo,Pontevedra,36,0,España,pontevedra
silleda-pontevedra-espana,Silleda,Pontevedra,36,0,España,pontevedra
tomino-pontevedra-espana,Tomiño,Pontevedra,36,0,España,pontevedra
tuy-pontevedra-espana,Tuy,Pontevedra,36,0,España,pontevedra
valga-pontevedra-espana,Valga,Pontevedra,36,0,España,pontevedra
vigo-pontevedra-espana,Vigo,Pontevedra,36,36057,España,pontevedra
vila-de-cruces-pontevedra-espana,Vila De Cruces,Pontevedra,36,0,España,pontevedra
vilaboa-pontevedra-espana,Vilaboa,Pontevedra,36,0,España,pontevedra
vilagarcia-pontevedra-espana,Vilagarcía,Pontevedra,36,0,España,pontevedra
vilagarcia-de-arousa-pontevedra-espana,Vilagarcía De Arousa,Pontevedra,36,36060,España,pontevedra
vilanova-de-arousa-pontevedra-espana,Vilanova De Arousa,Pontevedra,36,0,España,pontevedra
vilaxoan-pontevedra-espana,Vilaxoán,Pontevedra,36,0,España,pontevedra
caminha-viana-do-castelo-portugal,Caminha,Viana Do Castelo,0,0,Portugal,viana-do-castelo
castro-laboreiro-e-lamas-de-mouro-viana-do-castelo-portugal,Castro Laboreiro E Lamas De Mouro,Viana Do Castelo,0,0,Portugal,viana-do-castelo
ceivaes-e-badim-viana-do-castelo-portugal,Ceivães E Badim,Viana Do Castelo,0,0,Portugal,viana-do-castelo
chaviaes-e-pacos-viana-do-castelo-portugal,Chaviães E Paços,Viana Do Castelo,0,0,Portugal,viana-do-castelo
melgaco-viana-do-castelo-portugal,Melgaço,Viana Do Castelo,0,0,Portugal,viana-do-castelo
moncao-viana-do-castelo-portugal,Monção,Viana Do Castelo,0,0,Portugal,viana-do-castelo
moncao-e-troviscoso-viana-do-castelo-portugal,Monção E Troviscoso,Viana Do Castelo,0,0,Portugal,viana-do-castelo
pinheiros-viana-do-castelo-portugal,Pinheiros,Viana Do Castelo,0,0,Portugal,viana-do-castelo
ponte-da-barca-viana-do-castelo-portugal,Ponte Da Barca,Viana Do Castelo,0,0,Portugal,viana-do-castelo
soajo-viana-do-castelo-portugal,Soajo,Viana Do Castelo,0,0,Portugal,viana-do-castelo
troporiz-e-lapela-viana-do-castelo-portugal,Troporiz E Lapela,Viana Do Castelo,0,0,Portugal,viana-do-castelo
valencia-de-mino-viana-do-castelo-portugal,Valencia De Miño,Viana Do Castelo,0,0,Portugal,viana-do-castelo
vila-nova-de-cerveira-viana-do-castelo-portugal,Vila Nova De Cerveira,Viana Do Castelo,0,0,Portugal,viana-do-castelo
