id_uri,Name,lat,lon,concello,provincia,LUGAR_E_PARROQUIA,lon_gis,lat_gis,country,tipo_slug,pais,id_concello,id_provincia
castillos-concello-de-ourense-42.3355--7.8639,Concello De Ourense,42.335505,-7.863875,Ourense,Ourense,Casco Vello,-7.863875,42.335505,España,castillos,España,ourense-ourense-espana,ourense
castillos-gran-hotel-42.2262--8.466,Gran Hotel,42.2262179,-8.4659569,Mondariz Balneario,Pontevedra,O Pazo,-8.4659569,42.2262179,España,castillos,España,mondariz-balneario-pontevedra-espana,pontevedra
castillos-castillo-de-nogueirosa-o-de-los-andrade-43.3914--8.1358,Castillo De Nogueirosa O De Los Andrade,43.391446,-8.135832,Puentedeume,A Coruña,O Castelo,-8.135832,43.391446,España,castillos,España,puentedeume-a-coruna-espana,a-coruna
castillos-pazo-de-fefinans-42.5189--8.8133,Pazo De Fefiñáns,42.518899,-8.813329,Cambados,Pontevedra,Fefiñáns,-8.813329,42.518899,España,castillos,España,cambados-pontevedra-espana,pontevedra
castillos-castillo-de-vimianzo-43.1112--9.0318,Castillo De Vimianzo,43.111172,-9.031791,Vimianzo,A Coruña,Vilar,-9.031791,43.111172,España,castillos,España,vimianzo-a-coruna-espana,a-coruna
castillos-restos-de-antigua-fortaleza-42.2059--8.468,Restos De Antigua Fortaleza,42.205878,-8.468001,Mondariz,Pontevedra,A Pena,-8.468001,42.205878,España,castillos,España,mondariz-pontevedra-espana,pontevedra
castillos-castillo-de-rocha-forte-42.861--8.5732,Castillo De Rocha Forte,42.860952,-8.573154,Santiago De Compostela,A Coruña,A Rocha Vella,-8.573154,42.860952,España,castillos,España,santiago-de-compostela-a-coruna-espana,a-coruna
castillos-torres-de-altamira-42.8775--8.6876,Torres De Altamira,42.877527,-8.687644,Ames,A Coruña,Calo,-8.687644,42.877527,España,castillos,España,ames-a-coruna-espana,a-coruna
castillos-castillo-de-monforte-42.5241--7.5109,Castillo De Monforte,42.524123,-7.510893,Monforte De Lemos,Lugo,Entorno Rural,-7.510893,42.524123,España,castillos,España,monforte-de-lemos-lugo-espana,lugo
castillos-castillo-de-castro-caldelas-42.3759--7.4158,Castillo De Castro Caldelas,42.375902,-7.415758,O Castro De Caldelas,Ourense,O Real Da Pousa,-7.415758,42.375902,España,castillos,España,o-castro-de-caldelas-ourense-espana,ourense
castillos-torres-del-oeste-42.6761--8.7251,Torres Del Oeste,42.676135,-8.725112,Catoira,Pontevedra,O Progreso,-8.725112,42.676135,España,castillos,España,catoira-pontevedra-espana,pontevedra
castillos-pazo-de-mos-42.204--8.6061,Pazo De Mos,42.204037,-8.606102,Mos,Pontevedra,A Rúa,-8.606102,42.204037,España,castillos,España,mos-pontevedra-espana,pontevedra
castillos-castillo-de-torrenovaes-42.4504--7.2439,Castillo De Torrenovaes,42.450387,-7.243866,Quiroga,Lugo,Os Novais,-7.243866,42.450387,España,castillos,España,quiroga-lugo-espana,lugo
castillos-castillo-del-soberano-43.1237--9.1852,Castillo Del Soberano,43.123655,-9.185159,Camariñas,A Coruña,O Castelo,-9.185159,43.123655,España,castillos,España,camarinas-a-coruna-espana,a-coruna
castillos-castillo-de-san-carlos-42.9046--9.2609,Castillo De San Carlos,42.904601,-9.260876,Fisterra,A Coruña,A Insua,-9.260876,42.904601,España,castillos,España,fisterra-a-coruna-espana,a-coruna
castillos-castelo-de-cans-42.1616--8.587,Castelo De Cans,42.161558,-8.586957,Porriño,Pontevedra,A Buraca,-8.586957,42.161558,España,castillos,España,porrino-pontevedra-espana,pontevedra
castillos-torre-da-pena-da-portela-42.088--7.6727,Torre Da Pena Da Portela,42.088009,-7.672721,Sarreaus,Ourense,Trandeiras,-7.672721,42.088009,España,castillos,España,sarreaus-ourense-espana,ourense
castillos-torre-de-viana-do-bolo-42.1805--7.1157,Torre De Viana Do Bolo,42.180532,-7.115672,Viana Del Bollo,Ourense,El Castilllo,-7.115672,42.180532,España,castillos,España,viana-del-bollo-ourense-espana,ourense
castillos-torre-do-castro-42.1233--7.7442,Torre Do Castro,42.123264,-7.744227,Sandiás,Ourense,As Pegas,-7.744227,42.123264,España,castillos,España,sandias-ourense-espana,ourense
castillos-castillo-de-pambre-42.8598--7.9482,Castillo De Pambre,42.859824,-7.948195,Palas De Rei,Lugo,Pambre,-7.948195,42.859824,España,castillos,España,palas-de-rei-lugo-espana,lugo
castillos-castillo-fortaleza-de-monterreal-42.1245--8.8498,Castillo Fortaleza De Monterreal,42.124469,-8.849817,Baiona,Pontevedra,A Anunciada,-8.849817,42.124469,España,castillos,España,baiona-pontevedra-espana,pontevedra
castillos-pazo-de-tor-42.5688--7.5675,Pazo De Tor,42.56884,-7.567458,Monforte De Lemos,Lugo,Tor,-7.567458,42.56884,España,castillos,España,monforte-de-lemos-lugo-espana,lugo
castillos-outeiro-dos-mouros-42.1341--8.7619,Outeiro Dos Mouros,42.134145,-8.761874,Nigrán,Pontevedra,Nandín,-8.761874,42.134145,España,castillos,España,nigran-pontevedra-espana,pontevedra
castillos-castelo-de-los-sarmiento-42.2868--8.1439,Castelo De Los Sarmiento,42.286751,-8.143924,Ribadavia,Ourense,Figueirido,-8.143924,42.286751,España,castillos,España,ribadavia-ourense-espana,ourense
castillos-castillo-de-sarria-42.7766--7.4186,Castillo De Sarria,42.776607,-7.418572,Sarria,Lugo,A Áspera,-7.418572,42.776607,España,castillos,España,sarria-lugo-espana,lugo
castillos-torre-de-castroverde-43.0323--7.3265,Torre De Castroverde,43.032322,-7.326487,Castroverde,Lugo,Castroverde,-7.326487,43.032322,España,castillos,España,castroverde-lugo-espana,lugo
castillos-torre-de-los-andrade-43.4077--8.172,Torre De Los Andrade,43.407697,-8.172027,Puentedeume,A Coruña,Souto Da Vila,-8.172027,43.407697,España,castillos,España,puentedeume-a-coruna-espana,a-coruna
castillos-castelo-de-mos-42.1973--8.5857,Castelo De Mos,42.197314,-8.585694,Mos,Pontevedra,As Regadas,-8.585694,42.197314,España,castillos,España,mos-pontevedra-espana,pontevedra
castillos-castelo-de-chavella-41.9946--8.866,Castelo De Chavella,41.994586,-8.865975,O Arrabal,Pontevedra,A Ovellariza,-8.865975,41.994586,España,castillos,España,o-arrabal-pontevedra-espana,pontevedra
castillos-a-peneda-42.3269--8.5903,A Peneda,42.326948,-8.590278,Redondela,Pontevedra,Arcade De Riba,-8.590278,42.326948,España,castillos,España,redondela-pontevedra-espana,pontevedra
castillos-torres-de-mens-43.2973--8.8645,Torres De Mens,43.297344,-8.864514,Malpica,A Coruña,Suhorta,-8.864514,43.297344,España,castillos,España,malpica-a-coruna-espana,a-coruna
castillos-castelo-do-suido-42.3879--8.3479,Castelo Do Suido,42.387873,-8.347896,A Lama,Pontevedra,Pigarzos,-8.347896,42.387873,España,castillos,España,a-lama-pontevedra-espana,pontevedra
castillos-castelo-de-entenza-42.0839--8.555,Castelo De Entenza,42.083942,-8.555039,A Esfarrapada,Pontevedra,O Castelo,-8.555039,42.083942,España,castillos,España,a-esfarrapada-pontevedra-espana,pontevedra
castillos-castelo-de-san-anton-43.3656--8.3879,Castelo De San Antón,43.365572,-8.387855,La Coruña,A Coruña,Ciudad Vieja,-8.387855,43.365572,España,castillos,España,la-coruna-a-coruna-espana,a-coruna
castillos-o-castelino-42.3984--8.5045,O Casteliño,42.398375,-8.504469,Cerdedo Cotobade,Pontevedra,Entorno Rural,-8.504469,42.398375,España,castillos,España,cerdedo-cotobade-pontevedra-espana,pontevedra
castillos-o-castelo-grande-42.4008--8.5029,O Castelo Grande,42.400775,-8.502869,Ponte Caldelas,Pontevedra,Gradín,-8.502869,42.400775,España,castillos,España,ponte-caldelas-pontevedra-espana,pontevedra
castillos-torre-de-fornelos-42.1483--8.2349,Torre De Fornelos,42.148298,-8.234879,Crecente,Pontevedra,A Ponte Ribadil,-8.234879,42.148298,España,castillos,España,crecente-pontevedra-espana,pontevedra
castillos-edificio-garcia-florez-42.4328--8.643,Edificio García Flórez,42.432764,-8.643006,Pontevedra,Pontevedra,Entorno Rural,-8.643006,42.432764,España,castillos,España,pontevedra-pontevedra-espana,pontevedra
castillos-torre-de-vilanova-42.1662--7.9551,Torre De Vilanova,42.166228,-7.955104,Celanova,Ourense,Vilanova Dos Infantes,-7.955104,42.166228,España,castillos,España,celanova-ourense-espana,ourense
castillos-edificio-da-deputacion-42.4302--8.6482,Edificio Da Deputación,42.4302,-8.648211,Pontevedra,Pontevedra,Moureira De Abaixo,-8.648211,42.4302,España,castillos,España,pontevedra-pontevedra-espana,pontevedra
castillos-concello-de-pontevedra-42.432--8.6468,Concello De Pontevedra,42.431977,-8.646848,Pontevedra,Pontevedra,Moureira De Arriba,-8.646848,42.431977,España,castillos,España,pontevedra-pontevedra-espana,pontevedra
castillos-edificio-de-facenda-42.4316--8.6433,Edificio De Facenda,42.43163,-8.643284,Pontevedra,Pontevedra,Entorno Rural,-8.643284,42.43163,España,castillos,España,pontevedra-pontevedra-espana,pontevedra
castillos-a-cerca-42.3465--8.6267,A Cerca,42.346529,-8.626745,O Toural,Pontevedra,Paredes,-8.626745,42.346529,España,castillos,España,o-toural-pontevedra-espana,pontevedra
castillos-forta-da-atalaia-41.9506--7.454,Forta Da Atalaia,41.95057,-7.454041,Monterrei,Ourense,Monterrei,-7.454041,41.95057,España,castillos,España,monterrei-ourense-espana,ourense
castillos-castillo-de-san-felipe-43.4644--8.2817,Castillo De San Felipe,43.464409,-8.281699,Ferrol,A Coruña,San Cristóbal,-8.281699,43.464409,España,castillos,España,ferrol-a-coruna-espana,a-coruna
castillos-castillo-de-monterrei-41.9469--7.4493,Castillo De Monterrei,41.946883,-7.449342,Monterrei,Ourense,Monterrei,-7.449342,41.946883,España,castillos,España,monterrei-ourense-espana,ourense
castillos-pazo-de-san-roque-42.2258--8.7119,Pazo De San Roque,42.225778,-8.711921,Vigo,Pontevedra,Santiago De Vigo,-8.711921,42.225778,España,castillos,España,vigo-pontevedra-espana,pontevedra
castillos-torre-de-celas-43.2495--8.4086,Torre De Celas,43.249532,-8.408588,Culleredo,A Coruña,Celas,-8.408588,43.249532,España,castillos,España,culleredo-a-coruna-espana,a-coruna
castillos-casa-rectoral-de-san-martino-de-borela-42.443--8.5194,Casa Rectoral De San Martiño De Borela,42.443023,-8.519372,Cerdedo Cotobade,Pontevedra,A Aldea De Abaixo,-8.519372,42.443023,España,castillos,España,cerdedo-cotobade-pontevedra-espana,pontevedra
castillos-pazo-de-lourizan-42.4095--8.6647,Pazo De Lourizán,42.409457,-8.664667,Pontevedra,Pontevedra,A Gandarela,-8.664667,42.409457,España,castillos,España,pontevedra-pontevedra-espana,pontevedra
castillos-castillo-del-conde-san-roman-o-de-maceda-42.2705--7.6589,Castillo Del Conde San Román O De Maceda,42.27049,-7.658936,Maceda,Ourense,A Eirexa,-7.658936,42.27049,España,castillos,España,maceda-ourense-espana,ourense
castillos-pazo-torre-de-guimarei-42.6831--8.4763,Pazo - Torre De Guimarei,42.683114,-8.476338,A Estrada,Pontevedra,A Torre,-8.476338,42.683114,España,castillos,España,a-estrada-pontevedra-espana,pontevedra
castillos-pazo-quinones-de-leon-42.2135--8.7276,Pazo Quiñones De León,42.213478,-8.727629,Vigo,Pontevedra,A Corredoura,-8.727629,42.213478,España,castillos,España,vigo-pontevedra-espana,pontevedra
castillos-torre-de-marce-42.5185--7.7028,Torre De Marce,42.518506,-7.702772,Pantón,Lugo,Marce,-7.702772,42.518506,España,castillos,España,panton-lugo-espana,lugo
castillos-torre-da-forxa-42.0135--7.8492,Torre Da Forxa,42.013523,-7.849163,Forxa,Ourense,A Torre,-7.849163,42.013523,España,castillos,España,forxa-ourense-espana,ourense
castillos-torre-de-o-bolo-42.3079--7.095,Torre De O Bolo,42.307872,-7.094969,El Bollo,Ourense,El Bollo,-7.094969,42.307872,España,castillos,España,el-bollo-ourense-espana,ourense
castillos-fortaleza-de-salvaterra-42.0805--8.4967,Fortaleza De Salvaterra,42.080485,-8.496742,Salvatierra De Miño,Pontevedra,Os Feás,-8.496742,42.080485,España,castillos,España,salvatierra-de-mino-pontevedra-espana,pontevedra
castillos-fortaleza-de-san-lorenzo-41.9409--8.7535,Fortaleza De San Lorenzo,41.940911,-8.753504,Tomiño,Pontevedra,Castillo De San Lorenzo,-8.753504,41.940911,España,castillos,España,tomino-pontevedra-espana,pontevedra
castillos-torre-de-castro-de-ouro-43.5277--7.4089,Torre De Castro De Ouro,43.527677,-7.408897,A Seara,Lugo,A Costoira,-7.408897,43.527677,España,castillos,España,a-seara-lugo-espana,lugo
castillos-castillo-de-santa-cruz-41.9046--8.8727,Castillo De Santa Cruz,41.904601,-8.872715,A Guarda,Pontevedra,Entorno Rural,-8.872715,41.904601,España,castillos,España,a-guarda-pontevedra-espana,pontevedra
castillos-pazo-de-san-pedro-de-bembibre-42.724--7.7591,Pazo De San Pedro De Bembibre,42.724045,-7.759135,Taboada,Lugo,San Pedro,-7.759135,42.724045,España,castillos,España,taboada-lugo-espana,lugo
castillos-monte-alba-42.1726--8.736,Monte Alba,42.172644,-8.736004,Vigo,Pontevedra,As Barrocas,-8.736004,42.172644,España,castillos,España,vigo-pontevedra-espana,pontevedra
castillos-pazo-da-laxe-42.79--7.8348,Pazo Da Laxe,42.789956,-7.834819,Monterroso,Lugo,As Castedas,-7.834819,42.789956,España,castillos,España,monterroso-lugo-espana,lugo
castillos-castelo-de-soutomaior-42.3297--8.5682,Castelo De Soutomaior,42.329681,-8.568151,O Rial,Pontevedra,Lourido,-8.568151,42.329681,España,castillos,España,o-rial-pontevedra-espana,pontevedra
castillos-castelo-de-sobroso-42.2061--8.4639,Castelo De Sobroso,42.206086,-8.463884,Mondariz,Pontevedra,A Pena,-8.463884,42.206086,España,castillos,España,mondariz-pontevedra-espana,pontevedra
castillos-castillo-de-moeche-43.5501--7.9928,Castillo De Moeche,43.550053,-7.992811,Moeche,A Coruña,Rañal,-7.992811,43.550053,España,castillos,España,moeche-a-coruna-espana,a-coruna
castillos-castelo-do-castro-42.2319--8.7264,Castelo Do Castro,42.231855,-8.726353,Vigo,Pontevedra,O Berbés,-8.726353,42.231855,España,castillos,España,vigo-pontevedra-espana,pontevedra
castillos-o-picarana-42.1897--8.4784,O Picaraña,42.189658,-8.478415,Ponteareas,Pontevedra,O Correlo,-8.478415,42.189658,España,castillos,España,ponteareas-pontevedra-espana,pontevedra
castillos-torre-de-los-andrade-43.298--7.6823,Torre De Los Andrade,43.297989,-7.682314,Vilalba,Lugo,As Caivancas De Riba,-7.682314,43.297989,España,castillos,España,vilalba-lugo-espana,lugo
castillos-torre-de-san-sadurnino-42.5075--8.8216,Torre De San Sadurniño,42.507475,-8.821627,Cambados,Pontevedra,A Alameda Vella,-8.821627,42.507475,España,castillos,España,cambados-pontevedra-espana,pontevedra
castillos-castillo-de-san-paio-de-narla-43.0071--7.8207,Castillo De San Paio De Narla,43.007111,-7.820667,Friol,Lugo,Macedo,-7.820667,43.007111,España,castillos,España,friol-lugo-espana,lugo
castillos-fortaleza-del-montesagro-42.807--8.4465,Fortaleza Del Montesagro,42.807024,-8.446491,Boqueixón,A Coruña,Entorno Rural,-8.446491,42.807024,España,castillos,España,boqueixon-a-coruna-espana,a-coruna
castillos-pazo-de-la-peregrina-42.8629--8.652,Pazo De La Peregrina,42.862888,-8.652012,Ames,A Coruña,O Porto,-8.652012,42.862888,España,castillos,España,ames-a-coruna-espana,a-coruna
castillos-pazo-de-oca-42.7464--8.3947,Pazo De Oca,42.746382,-8.394672,A Estrada,Pontevedra,Mato,-8.394672,42.746382,España,castillos,España,a-estrada-pontevedra-espana,pontevedra
castillos-castillo-de-santa-cruz-43.3486--8.3501,Castillo De Santa Cruz,43.348557,-8.350081,O Porto De Santa Cruz,A Coruña,Coruxo De Abaixo,-8.350081,43.348557,España,castillos,España,o-porto-de-santa-cruz-a-coruna-espana,a-coruna
castillos-castelo-da-lua-42.663--8.815,Castelo Da Lúa,42.662979,-8.814968,Rianxo,A Coruña,O Bosque,-8.814968,42.662979,España,castillos,España,rianxo-a-coruna-espana,a-coruna
castillos-castillo-de-canderrei-42.0003--7.5891,Castillo De Canderrei,42.000325,-7.589064,Trasmiras,Ourense,O Castelo,-7.589064,42.000325,España,castillos,España,trasmiras-ourense-espana,ourense
castillos-torre-de-puga-42.3231--8.0085,Torre De Puga,42.323124,-8.00846,Toén,Ourense,A Estrada,-8.00846,42.323124,España,castillos,España,toen-ourense-espana,ourense
castillos-pazo-de-vista-alegre-42.5927--8.7685,Pazo De Vista Alegre,42.59268,-8.768509,Vilagarcía,Pontevedra,O Porto Do Río,-8.768509,42.59268,España,castillos,España,vilagarcia-pontevedra-espana,pontevedra
castillos-pazo-de-bermudez-de-castro-42.5107--8.5143,Pazo De Bermúdez De Castro,42.5107,-8.514292,Cerdedo Cotobade,Pontevedra,Barbeitos,-8.514292,42.5107,España,castillos,España,cerdedo-cotobade-pontevedra-espana,pontevedra
castillos-pazo-de-olivar-42.3225--8.0072,Pazo De Olivar,42.322548,-8.007162,Toén,Ourense,O Olivar,-8.007162,42.322548,España,castillos,España,toen-ourense-espana,ourense
castillos-atalaia-museo-do-mar-41.9026--8.8802,Atalaia - Museo Do Mar,41.902588,-8.880206,A Guarda,Pontevedra,Entorno Rural,-8.880206,41.902588,España,castillos,España,a-guarda-pontevedra-espana,pontevedra
castillos-torre-de-sande-42.2455--8.0917,Torre De Sande,42.245524,-8.0916828,Outeiro Cruz,Ourense,O Rial,-8.0916828,42.245524,España,castillos,España,outeiro-cruz-ourense-espana,ourense
castillos-punta-de-san-martino-43.4597--8.2844,Punta De San Martiño,43.4597256,-8.2844263,Ferrol,A Coruña,San Cristóbal,-8.2844263,43.4597256,España,castillos,España,ferrol-a-coruna-espana,a-coruna
castillos-castillo-de-a-palma-43.4625--8.2748,Castillo De A Palma,43.4625447,-8.2748079,Mugardos,A Coruña,A Redonda,-8.2748079,43.4625447,España,castillos,España,mugardos-a-coruna-espana,a-coruna
castillos-bateria-de-punta-segano-43.453--8.3106,Batería De Punta Segaño,43.4530201,-8.3105671,Ares,A Coruña,As Salgueiras,-8.3105671,43.4530201,España,castillos,España,ares-a-coruna-espana,a-coruna
castillos-bateria-de-la-bailadora-43.4547--8.2802,Batería De La Bailadora,43.4547414,-8.2801509,Ares,A Coruña,O Monte,-8.2801509,43.4547414,España,castillos,España,ares-a-coruna-espana,a-coruna
castillos-ruinas-del-cuartel-militar-42.1553--8.847,Ruinas Del Cuartel Militar,42.155315,-8.84701,Nigrán,Pontevedra,Xermaña,-8.84701,42.155315,España,castillos,España,nigran-pontevedra-espana,pontevedra
castillos-ruinas-cuartel-militar-baterias-j4-42.109--8.893,Ruínas Cuartel Militar - Baterías J4,42.109016,-8.892961,Baiona,Pontevedra,A Cela Vella,-8.892961,42.109016,España,castillos,España,baiona-pontevedra-espana,pontevedra
castillos-espicho-do-faro-42.0824--8.5759,Espicho Do Faro,42.0824263,-8.575902,A Esfarrapada,Pontevedra,O Agro,-8.575902,42.0824263,España,castillos,España,a-esfarrapada-pontevedra-espana,pontevedra
castillos-baterias-42.1093--8.8944,Baterìas,42.109305,-8.894395,Baiona,Pontevedra,A Cela Vella,-8.894395,42.109305,España,castillos,España,baiona-pontevedra-espana,pontevedra
castillos-illote-do-castelo-42.3461--8.6147,Illote Do Castelo,42.3461116,-8.6146545,Pontevedra,Pontevedra,As Laceiras,-8.6146545,42.3461116,España,castillos,España,pontevedra-pontevedra-espana,pontevedra
castillos-bateria-de-san-cristovo-43.4658--8.3042,Batería De San Cristovo,43.4658036,-8.3041996,Ferrol,A Coruña,San Cristóbal,-8.3041996,43.4658036,España,castillos,España,ferrol-a-coruna-espana,a-coruna
castillos-bateria-de-san-carlos-43.4612--8.2977,Batería De San Carlos,43.4612209,-8.2976818,Ferrol,A Coruña,San Cristóbal,-8.2976818,43.4612209,España,castillos,España,ferrol-a-coruna-espana,a-coruna
castillos-bateria-de-carino-43.4705--8.3174,Batería De Cariño,43.4705066,-8.3174202,Ferrol,A Coruña,Cariño,-8.3174202,43.4705066,España,castillos,España,ferrol-a-coruna-espana,a-coruna
castillos-bateria-de-punta-vinas-43.4598--8.3379,Batería De Punta Viñas,43.4597724,-8.3378613,Ferrol,A Coruña,O Pieiro,-8.3378613,43.4597724,España,castillos,España,ferrol-a-coruna-espana,a-coruna
castillos-ubicacion-original-punta-vinas-43.4645--8.3283,Ubicación Original Punta Viñas,43.4644603,-8.3283448,Ferrol,A Coruña,O Pieiro,-8.3283448,43.4644603,España,castillos,España,ferrol-a-coruna-espana,a-coruna
castillos-bateria-de-priorino-43.4587--8.3401,Batería De Prioriño,43.4586977,-8.3401036,Ferrol,A Coruña,O Pieiro,-8.3401036,43.4586977,España,castillos,España,ferrol-a-coruna-espana,a-coruna
castillos-baterias-43.4515--8.3082,Baterías,43.4515169,-8.3081532,Ares,A Coruña,As Salgueiras,-8.3081532,43.4515169,España,castillos,España,ares-a-coruna-espana,a-coruna
castillos-baterias-43.4514--8.2896,Baterías,43.4513768,-8.2895923,Ares,A Coruña,Pedrachá,-8.2895923,43.4513768,España,castillos,España,ares-a-coruna-espana,a-coruna
castillos-baterias-43.4486--8.2848,Baterías,43.4485572,-8.2847643,Ares,A Coruña,Vigo,-8.2847643,43.4485572,España,castillos,España,ares-a-coruna-espana,a-coruna
castillos-ruinas-militares-43.452--8.2858,Ruínas Militares,43.4520388,-8.2857621,Ares,A Coruña,O Monte,-8.2857621,43.4520388,España,castillos,España,ares-a-coruna-espana,a-coruna
castillos-baterias-43.4439--8.3082,Baterías,43.4438836,-8.3081853,Ares,A Coruña,As Salgueiras,-8.3081853,43.4438836,España,castillos,España,ares-a-coruna-espana,a-coruna
castillos-baterias-43.4715--8.3403,Baterías,43.4714838,-8.3402967,Ferrol,A Coruña,O Pieiro,-8.3402967,43.4714838,España,castillos,España,ferrol-a-coruna-espana,a-coruna
castillos-baterias-43.4707--8.3367,Baterías,43.4707208,-8.3366704,Ferrol,A Coruña,O Pieiro,-8.3366704,43.4707208,España,castillos,España,ferrol-a-coruna-espana,a-coruna
castillos-proyectores-43.4631--8.3456,Proyectores,43.463121,-8.3455753,Ferrol,A Coruña,O Pieiro,-8.3455753,43.463121,España,castillos,España,ferrol-a-coruna-espana,a-coruna
castillos-antiaereos-43.4738--8.326,Antiaéreos,43.4738274,-8.3259952,Ferrol,A Coruña,O Pieiro,-8.3259952,43.4738274,España,castillos,España,ferrol-a-coruna-espana,a-coruna
castillos-bateria-de-o-pieiro-43.474--8.3222,Batería De O Pieiro,43.4740454,-8.3221972,Ferrol,A Coruña,Cariño,-8.3221972,43.4740454,España,castillos,España,ferrol-a-coruna-espana,a-coruna
castillos-antiaereos-43.474--8.323,Antiaéreos,43.4739909,-8.3229697,Ferrol,A Coruña,Cariño,-8.3229697,43.4739909,España,castillos,España,ferrol-a-coruna-espana,a-coruna
castillos-monte-ventoso-43.4803--8.3176,Monte Ventoso,43.4803204,-8.3176482,Ferrol,A Coruña,Cariño,-8.3176482,43.4803204,España,castillos,España,ferrol-a-coruna-espana,a-coruna
castillos-castillo-de-o-carbedo-42.6354--7.1248,Castillo De O Carbedo,42.6354268,-7.1248269,Folgoso Do Courel,Lugo,Liñariños,-7.1248269,42.6354268,España,castillos,España,folgoso-do-courel-lugo-espana,lugo
castillos-castelo-de-navia-de-suarna-42.9646--7.0053,Castelo De Navia De Suarna,42.9646255,-7.0053211,A Proba,Lugo,Grandela,-7.0053211,42.9646255,España,castillos,España,a-proba-lugo-espana,lugo
castillos-castillo-de-doiras-42.783--6.9848,Castillo De Doiras,42.7829842,-6.984762,Cervantes,Lugo,O Portelo,-6.984762,42.7829842,España,castillos,España,cervantes-lugo-espana,lugo
castillos-castillo-de-a-peroxa-42.4342--7.787,Castillo De A Peroxa,42.4341944444444,-7.78697222222218,A Peroxa,Ourense,As Barras,-7.78697222222218,42.4341944444444,España,castillos,España,a-peroxa-ourense-espana,ourense
castillos-castelo-de-lapela-42.0565--8.5382,Castelo De Lapela,42.0564505,-8.5381901,Troporiz E Lapela,Viana Do Castelo,Lapela,-8.5381901,42.0564505,Portugal,castillos,Portugal,troporiz-e-lapela-viana-do-castelo-portugal,viana-do-castelo
castillos-fortaleza-de-moncao-42.0791--8.4853,Fortaleza De Monção,42.0791296,-8.4853292,Monção E Troviscoso,Viana Do Castelo,Padrões,-8.4853292,42.0791296,Portugal,castillos,Portugal,moncao-e-troviscoso-viana-do-castelo-portugal,viana-do-castelo
castillos-torre-da-alarma-42.5612--8.3658,Torre Da Alarma,42.561159,-8.3657831,Forcarei,Pontevedra,A Verdia,-8.3657831,42.561159,España,castillos,España,forcarei-pontevedra-espana,pontevedra
castillos-pazo-de-linares-42.68--8.1916,Pazo De Liñares,42.6800011,-8.1916272,Lalín,Pontevedra,O Alto Da Pena,-8.1916272,42.6800011,España,castillos,España,lalin-pontevedra-espana,pontevedra
castillos-baterias-del-monte-de-san-pedro-43.3781--8.437,Baterías Del Monte De San Pedro,43.3780564,-8.4369636,La Coruña,A Coruña,Los Rosales,-8.4369636,43.3780564,España,castillos,España,la-coruna-a-coruna-espana,a-coruna
castillos-torre-de-caldaloba-43.2189--7.6365,Torre De Caldaloba,43.2188521,-7.6364644,Begonte,Lugo,A Infesta,-7.6364644,43.2188521,España,castillos,España,begonte-lugo-espana,lugo
castillos-pazo-y-torre-de-soutoxuste-42.3249--8.6126,Pazo Y Torre De Soutoxuste,42.3249331,-8.6126053,Redondela,Pontevedra,Soutoxuste,-8.6126053,42.3249331,España,castillos,España,redondela-pontevedra-espana,pontevedra
castillos-castelo-de-mlgaco-42.1144--8.2598,Castelo De Mlgaço,42.1144483,-8.2598265,Melgaço,Viana Do Castelo,Senhora Da Oliveira,-8.2598265,42.1144483,Portugal,castillos,Portugal,melgaco-viana-do-castelo-portugal,viana-do-castelo
castillos-castillo-de-lindoso-41.8669--8.1992,Castillo De Lindoso,41.8668923,-8.1991696,Ponte Da Barca,Viana Do Castelo,Lindoso,-8.1991696,41.8668923,Portugal,castillos,Portugal,ponte-da-barca-viana-do-castelo-portugal,viana-do-castelo
castillos-castro-laboreiro-42.0228--8.1581,Castro Laboreiro,42.0228291,-8.1580889,Castro Laboreiro E Lamas De Mouro,Viana Do Castelo,Laceiras,-8.1580889,42.0228291,Portugal,castillos,Portugal,castro-laboreiro-e-lamas-de-mouro-viana-do-castelo-portugal,viana-do-castelo
castillos-restos-castelo-da-torre-42.1192--8.5199,Restos Castelo Da Torre,42.1192409,-8.5199087,Ponteareas,Pontevedra,A Vesada,-8.5199087,42.1192409,España,castillos,España,ponteareas-pontevedra-espana,pontevedra
castillos-forte-da-insua-41.8594--8.8744,Forte Da Ínsua,41.8593793,-8.8743716,Caminha,Viana Do Castelo,Entorno Rural,-8.8743716,41.8593793,Portugal,castillos,Portugal,caminha-viana-do-castelo-portugal,viana-do-castelo
castillos-porta-da-inquisicion-42.1168--8.4611,Porta Da Inquisición,42.1168049,-8.4611124,Salvaterra De Miño,Pontevedra,O Sueido,-8.4611124,42.1168049,España,castillos,España,salvaterra-de-mino-pontevedra-espana,pontevedra
castillos-restos-castelo-da-pena-da-rainha-41.9906--8.5251,Restos Castelo Da Pena Da Rainha,41.9905574,-8.5250637,Monção,Viana Do Castelo,Abedim,-8.5250637,41.9905574,Portugal,castillos,Portugal,moncao-viana-do-castelo-portugal,viana-do-castelo
castillos-pazo-de-quintans-42.4342--8.8565,Pazo De Quintáns,42.4342013,-8.8564988,Sanxenxo,Pontevedra,Quintáns,-8.8564988,42.4342013,España,castillos,España,sanxenxo-pontevedra-espana,pontevedra
castillos-penedo-da-vela-42.191--7.8019,Penedo Da Vela,42.1909528,-7.8018502,Allariz,Ourense,A Frieira,-7.8018502,42.1909528,España,castillos,España,allariz-ourense-espana,ourense
castillos-ruinas-militares-de-frouxeira-43.6183--8.188,Ruinas Militares De Frouxeira,43.6182764,-8.187994,Valdoviño,A Coruña,Valdoviño,-8.187994,43.6182764,España,castillos,España,valdovino-a-coruna-espana,a-coruna
castillos-castillo-de-la-concepcion-43.6585--8.0712,Castillo De La Concepción,43.6585326,-8.0712161,Cedeira,A Coruña,Vilacacín,-8.0712161,43.6585326,España,castillos,España,cedeira-a-coruna-espana,a-coruna
castillos-torre-de-taboi-43.1467--7.5688,Torre De Taboi,43.1467196,-7.5688106,Outeiro De Rei,Lugo,Fompedriña,-7.5688106,43.1467196,España,castillos,España,outeiro-de-rei-lugo-espana,lugo
castillos-torre-de-sobrada-de-aguiar-43.1284--7.53,Torre De Sobrada De Aguiar,43.1284156,-7.5299753,Outeiro De Rei,Lugo,Piñeiro,-7.5299753,43.1284156,España,castillos,España,outeiro-de-rei-lugo-espana,lugo
castillos-castillo-de-arnado-42.4083--7.0252,Castillo De Arnado,42.4083026,-7.0252063,Vilamartín De Valdeorras,Ourense,Arnado,-7.0252063,42.4083026,España,castillos,España,vilamartin-de-valdeorras-ourense-espana,ourense
castillos-torre-do-castro-42.4285--6.9918,Torre Do Castro,42.4284794,-6.9917833,El Barco De Valdeorras,Ourense,O Castro,-6.9917833,42.4284794,España,castillos,España,el-barco-de-valdeorras-ourense-espana,ourense
castillos-casa-fortaleza-de-camba-42.6705--7.9124,Casa - Fortaleza De Camba,42.6704879,-7.9123827,Rodeiro,Pontevedra,A Portela,-7.9123827,42.6704879,España,castillos,España,rodeiro-pontevedra-espana,pontevedra
castillos-parque-y-pazo-de-ibarrola-43.3295--8.3556,Parque Y Pazo De Ibarrola,43.329469,-8.3556443,O Pazo Do Río,A Coruña,A Capela,-8.3556443,43.329469,España,castillos,España,o-pazo-do-rio-a-coruna-espana,a-coruna
castillos-yacimiento-medieval-de-orcellon-42.4432--8.1587,Yacimiento Medieval De Orcellón,42.4432286,-8.1587433,Boborás,Ourense,A Teixeira,-8.1587433,42.4432286,España,castillos,España,boboras-ourense-espana,ourense
castillos-pazo-do-campo-42.3649--7.9762,Pazo Do Campo,42.3649281,-7.976221,Amoeiro,Ourense,Cima De Vila,-7.976221,42.3649281,España,castillos,España,amoeiro-ourense-espana,ourense
castillos-pazo-do-espino-42.8827--8.5508,Pazo Do Espiño,42.8827214,-8.5508347,Santiago De Compostela,A Coruña,Asén,-8.5508347,42.8827214,España,castillos,España,santiago-de-compostela-a-coruna-espana,a-coruna
castillos-pazo-de-bouzas-42.3882--7.7887,Pazo De Bouzas,42.3882111,-7.788704,O Pereiro De Aguiar,Ourense,Espiñedo,-7.788704,42.3882111,España,castillos,España,o-pereiro-de-aguiar-ourense-espana,ourense
castillos-castelo-de-naraio-43.4947--8.0591,Castelo De Naraío,43.4947198,-8.0591083,San Sadurniño,A Coruña,O Castelo,-8.0591083,43.4947198,España,castillos,España,san-sadurnino-a-coruna-espana,a-coruna
castillos-castelo-pia-da-moura-41.9338--8.0911,Castelo Pía Da Moura,41.9337761,-8.0910901,Grou,Ourense,Silvares,-8.0910901,41.9337761,España,castillos,España,grou-ourense-espana,ourense
castillos-torre-de-toran-42.2316--7.8341,Torre De Torán,42.2316447,-7.834141,Taboadela,Ourense,A Seara,-7.834141,42.2316447,España,castillos,España,taboadela-ourense-espana,ourense
castillos-castelo-da-piconha-restos-41.8931--7.8671,Castelo Da Piconha - Restos,41.8930781,-7.8670514,Calvos De Randín,Ourense,Randín,-7.8670514,41.8930781,España,castillos,España,calvos-de-randin-ourense-espana,ourense
castillos-bateria-de-redes-43.4213--8.2034,Batería De Redes,43.4212621,-8.2034057,Ares,A Coruña,Redes,-8.2034057,43.4212621,España,castillos,España,ares-a-coruna-espana,a-coruna
castillos-pazo-de-golmar-43.0514--7.9699,Pazo De Golmar,43.0514369,-7.9699232,Sobrado,A Coruña,Golmar,-7.9699232,43.0514369,España,castillos,España,sobrado-a-coruna-espana,a-coruna
castillos-torres-de-allo-43.1598--8.939,Torres De Allo,43.15982,-8.938992,Zas,A Coruña,O Allo,-8.938992,43.15982,España,castillos,España,zas-a-coruna-espana,a-coruna
castillos-torre-de-buron-43.1404--7.0853,Torre De Burón,43.1404444,-7.085336,A Fonsagrada,Lugo,A Cruz Nova,-7.085336,43.1404444,España,castillos,España,a-fonsagrada-lugo-espana,lugo
castillos-castelo-de-parada-42.3727--7.7998,Castelo De Parada,42.3726517,-7.7997719,O Pereiro De Aguiar,Ourense,Barreiros,-7.7997719,42.3726517,España,castillos,España,o-pereiro-de-aguiar-ourense-espana,ourense
castillos-pazo-castillo-de-vilamarin-42.4506--7.9009,Pazo - Castillo De Vilamarín,42.4506491,-7.9008643,Vilamarín,Ourense,Fondo De Vila,-7.9008643,42.4506491,España,castillos,España,vilamarin-ourense-espana,ourense
castillos-pazo-da-pena-manzaneda-42.3037--7.2385,Pazo Da Pena Manzaneda,42.3037051,-7.2385147,Manzaneda,Ourense,Seoane,-7.2385147,42.3037051,España,castillos,España,manzaneda-ourense-espana,ourense
castillos-rectoral-de-barcia-de-mera-42.2601--8.4025,Rectoral De Barcia De Mera,42.2600786,-8.4025298,Covelo,Pontevedra,O San Amaro,-8.4025298,42.2600786,España,castillos,España,covelo-pontevedra-espana,pontevedra
castillos-castelo-de-amarante-42.7763--7.9306,Castelo De Amarante,42.7763122,-7.9305967,Antas De Ulla,Pontevedra,Trascastro,-7.9305967,42.7763122,España,castillos,España,antas-de-ulla-pontevedra-espana,pontevedra
castillos-torre-fuerte-da-candaira-42.6325--7.6911,Torre-Fuerte Da Candaira,42.632473,-7.6910812,O Saviñao,Lugo,Vilanova,-7.6910812,42.632473,España,castillos,España,o-savinao-lugo-espana,lugo
castillos-pazo-do-coton-42.9075--8.7387,Pazo Do Cotón,42.9075041,-8.7386517,Negreira,A Coruña,O Cotón,-8.7386517,42.9075041,España,castillos,España,negreira-a-coruna-espana,a-coruna
castillos-canon-del-rio-eume-43.3764--7.9906,Cañón Del Río Eume,43.3763925,-7.9906232,As Pontes De García Rodríguez,A Coruña,A Pereira,-7.9906232,43.3763925,España,castillos,España,as-pontes-de-garcia-rodriguez-a-coruna-espana,a-coruna
castillos-fuente-dos-bucraneos-de-tomonte-41.8863--7.2105,Fuente Dos Bucráneos De Tomonte,41.8863034,-7.2104906,Vilardevós,Ourense,Tomonte,-7.2104906,41.8863034,España,castillos,España,vilardevos-ourense-espana,ourense
